1.000000,-0.000000,0,0.000000
0.000000,1.000000,0,0.000000
0,0,1,0
0,0,0,1
0.974408,0.224786,0,0.008701
-0.224786,0.974408,0,0.001638
0,0,1,0
0,0,0,1
0.886852,0.462054,0,0.011077
-0.462054,0.886852,0,0.003252
0,0,1,0
0,0,0,1
0.768488,0.639865,0,0.014365
-0.639865,0.768488,0,0.006750
0,0,1,0
0,0,0,1
0.587771,0.809027,0,0.011927
-0.809027,0.587771,0,0.008734
0,0,1,0
0,0,0,1
0.404162,0.914687,0,0.009165
-0.914687,0.404162,0,0.010144
0,0,1,0
0,0,0,1
0.103624,0.994617,0,0.001916
-0.994617,0.103624,0,0.010765
0,0,1,0
0,0,0,1
-0.177989,0.984033,0,0.010594
-0.984033,-0.177989,0,0.012665
0,0,1,0
0,0,0,1
-0.412918,0.910768,0,0.010602
-0.910768,-0.412918,0,0.014066
0,0,1,0
0,0,0,1
-0.613105,0.790001,0,0.009422
-0.790001,-0.613105,0,0.011665
0,0,1,0
0,0,0,1
-0.834483,0.551034,0,0.011517
-0.551034,-0.834483,0,0.012416
0,0,1,0
0,0,0,1
-0.938544,0.345159,0,0.013029
-0.345159,-0.938544,0,0.013372
0,0,1,0
0,0,0,1
-0.994181,0.107720,0,0.011582
-0.107720,-0.994181,0,0.016449
0,0,1,0
0,0,0,1
-0.984828,-0.173535,0,0.016237
0.173535,-0.984828,0,0.016917
0,0,1,0
0,0,0,1
-0.923274,-0.384142,0,0.019036
0.384142,-0.923274,0,0.016069
0,0,1,0
0,0,0,1
-0.765466,-0.643477,0,0.009882
0.643477,-0.765466,0,0.018506
0,0,1,0
0,0,0,1
-0.610512,-0.792007,0,0.007571
0.792007,-0.610512,0,0.017631
0,0,1,0
0,0,0,1
-0.341207,-0.939988,0,0.013385
0.939988,-0.341207,0,0.023731
0,0,1,0
0,0,0,1
-0.073601,-0.997288,0,0.015321
0.997288,-0.073601,0,0.021129
0,0,1,0
0,0,0,1
0.279884,-0.960034,0,-0.000803
0.960034,0.279884,0,0.017859
0,0,1,0
0,0,0,1
0.491740,-0.870742,0,0.015733
0.870742,0.491740,0,0.019243
0,0,1,0
0,0,0,1
0.675906,-0.736987,0,0.017652
0.736987,0.675906,0,0.020373
0,0,1,0
0,0,0,1
0.853036,-0.521852,0,0.011812
0.521852,0.853036,0,0.021556
0,0,1,0
0,0,0,1
0.954581,-0.297950,0,0.010212
0.297950,0.954581,0,0.022307
0,0,1,0
0,0,0,1
0.999447,-0.033257,0,0.015916
0.033257,0.999447,0,0.024006
0,0,1,0
0,0,0,1
0.983983,0.178263,0,0.122328
-0.178263,0.983983,0,0.007493
0,0,1,0
0,0,0,1
0.985115,0.171895,0,0.709481
-0.171895,0.985115,0,-0.091691
0,0,1,0
0,0,0,1
0.986631,0.162969,0,1.265133
-0.162969,0.986631,0,-0.171399
0,0,1,0
0,0,0,1
0.988114,0.153725,0,1.861550
-0.153725,0.988114,0,-0.263469
0,0,1,0
0,0,0,1
0.989688,0.143240,0,2.473522
-0.143240,0.989688,0,-0.343262
0,0,1,0
0,0,0,1
0.990752,0.135688,0,3.082176
-0.135688,0.990752,0,-0.425149
0,0,1,0
0,0,0,1
0.991626,0.129143,0,3.581193
-0.129143,0.991626,0,-0.483072
0,0,1,0
0,0,0,1
0.992733,0.120335,0,4.190230
-0.120335,0.992733,0,-0.544750
0,0,1,0
0,0,0,1
0.993680,0.112247,0,4.788627
-0.112247,0.993680,0,-0.604665
0,0,1,0
0,0,0,1
0.994123,0.108259,0,5.289439
-0.108259,0.994123,0,-0.671935
0,0,1,0
0,0,0,1
0.994607,0.103717,0,5.878468
-0.103717,0.994607,0,-0.717184
0,0,1,0
0,0,0,1
0.996234,0.086711,0,6.462273
-0.086711,0.996234,0,-0.780192
0,0,1,0
0,0,0,1
0.996556,0.082921,0,7.037748
-0.082921,0.996556,0,-0.814153
0,0,1,0
0,0,0,1
0.997144,0.075522,0,7.599987
-0.075522,0.997144,0,-0.854105
0,0,1,0
0,0,0,1
0.997257,0.074022,0,8.102720
-0.074022,0.997257,0,-0.867379
0,0,1,0
0,0,0,1
0.953514,0.301349,0,8.408466
-0.301349,0.953514,0,-0.889281
0,0,1,0
0,0,0,1
0.867918,0.496708,0,8.410272
-0.496708,0.867918,0,-0.891508
0,0,1,0
0,0,0,1
0.703549,0.710646,0,8.408307
-0.710646,0.703549,0,-0.892589
0,0,1,0
0,0,0,1
0.507616,0.861584,0,8.408991
-0.861584,0.507616,0,-0.890984
0,0,1,0
0,0,0,1
0.240036,0.970764,0,8.412900
-0.970764,0.240036,0,-0.888215
0,0,1,0
0,0,0,1
-0.030150,0.999545,0,8.407584
-0.999545,-0.030150,0,-0.892186
0,0,1,0
0,0,0,1
0.072394,0.997376,0,8.452554
-0.997376,0.072394,0,-1.491328
0,0,1,0
0,0,0,1
0.086928,0.996215,0,8.502065
-0.996215,0.086928,0,-2.074756
0,0,1,0
0,0,0,1
-0.147856,0.989009,0,8.553405
-0.989009,-0.147856,0,-2.475249
0,0,1,0
0,0,0,1
-0.189316,0.981916,0,8.464814
-0.981916,-0.189316,0,-2.971998
0,0,1,0
0,0,0,1
-0.181243,0.983438,0,8.363496
-0.983438,-0.181243,0,-3.580990
0,0,1,0
0,0,0,1
-0.174026,0.984741,0,8.269900
-0.984741,-0.174026,0,-4.083469
0,0,1,0
0,0,0,1
-0.174280,0.984696,0,8.186010
-0.984696,-0.174280,0,-4.677283
0,0,1,0
0,0,0,1
-0.162540,0.986702,0,8.077904
-0.986702,-0.162540,0,-5.298160
0,0,1,0
0,0,0,1
-0.155991,0.987759,0,7.989957
-0.987759,-0.155991,0,-5.896167
0,0,1,0
0,0,0,1
-0.147372,0.989081,0,7.911380
-0.989081,-0.147372,0,-6.465781
0,0,1,0
0,0,0,1
-0.078639,0.996903,0,7.867287
-0.996903,-0.078639,0,-6.974067
0,0,1,0
0,0,0,1
-0.070518,0.997511,0,7.832597
-0.997511,-0.070518,0,-7.568237
0,0,1,0
0,0,0,1
-0.064354,0.997927,0,7.804608
-0.997927,-0.064354,0,-8.178027
0,0,1,0
0,0,0,1
-0.053943,0.998544,0,7.774024
-0.998544,-0.053943,0,-8.682765
0,0,1,0
0,0,0,1
-0.038931,0.999242,0,7.753789
-0.999242,-0.038931,0,-9.291536
0,0,1,0
0,0,0,1
-0.028747,0.999587,0,7.728746
-0.999587,-0.028747,0,-9.888337
0,0,1,0
0,0,0,1
-0.015688,0.999877,0,7.736122
-0.999877,-0.015688,0,-10.485170
0,0,1,0
0,0,0,1
-0.001904,0.999998,0,7.729629
-0.999998,-0.001904,0,-11.070497
0,0,1,0
0,0,0,1
-0.228391,0.973570,0,7.743778
-0.973570,-0.228391,0,-11.452594
0,0,1,0
0,0,0,1
-0.431600,0.902065,0,7.738844
-0.902065,-0.431600,0,-11.450108
0,0,1,0
0,0,0,1
-0.632663,0.774427,0,7.737703
-0.774427,-0.632663,0,-11.447690
0,0,1,0
0,0,0,1
-0.785129,0.619332,0,7.738276
-0.619332,-0.785129,0,-11.455288
0,0,1,0
0,0,0,1
-0.952320,0.305100,0,7.746575
-0.305100,-0.952320,0,-11.455735
0,0,1,0
0,0,0,1
-0.995477,0.094999,0,7.749824
-0.094999,-0.995477,0,-11.439806
0,0,1,0
0,0,0,1
-0.943877,0.330297,0,7.745599
-0.330297,-0.943877,0,-11.438932
0,0,1,0
0,0,0,1
-0.848358,0.529424,0,7.743389
-0.529424,-0.848358,0,-11.437698
0,0,1,0
0,0,0,1
-0.714169,0.699973,0,7.741234
-0.699973,-0.714169,0,-11.433622
0,0,1,0
0,0,0,1
-0.524431,0.851453,0,7.743867
-0.851453,-0.524431,0,-11.431043
0,0,1,0
0,0,0,1
-0.332947,0.942945,0,7.742238
-0.942945,-0.332947,0,-11.438391
0,0,1,0
0,0,0,1
-0.104640,0.994510,0,7.740018
-0.994510,-0.104640,0,-11.441559
0,0,1,0
0,0,0,1
0.138269,0.990395,0,7.740610
-0.990395,0.138269,0,-11.439102
0,0,1,0
0,0,0,1
0.411247,0.911524,0,7.737055
-0.911524,0.411247,0,-11.445534
0,0,1,0
0,0,0,1
0.633238,0.773957,0,7.735851
-0.773957,0.633238,0,-11.439345
0,0,1,0
0,0,0,1
0.800610,0.599186,0,7.736392
-0.599186,0.800610,0,-11.435437
0,0,1,0
0,0,0,1
0.627765,0.778403,0,7.740768
-0.778403,0.627765,0,-11.442883
0,0,1,0
0,0,0,1
0.397905,0.917427,0,7.740635
-0.917427,0.397905,0,-11.447073
0,0,1,0
0,0,0,1
0.147412,0.989075,0,7.740907
-0.989075,0.147412,0,-11.452563
0,0,1,0
0,0,0,1
-0.089650,0.995973,0,7.741372
-0.995973,-0.089650,0,-11.456121
0,0,1,0
0,0,0,1
-0.135546,0.990771,0,7.663000
-0.990771,-0.135546,0,-12.065843
0,0,1,0
0,0,0,1
-0.133788,0.991010,0,7.592862
-0.991010,-0.133788,0,-12.687991
0,0,1,0
0,0,0,1
-0.122465,0.992473,0,7.514964
-0.992473,-0.122465,0,-13.306313
0,0,1,0
0,0,0,1
-0.116060,0.993242,0,7.453765
-0.993242,-0.116060,0,-13.916492
0,0,1,0
0,0,0,1
-0.105600,0.994409,0,7.386289
-0.994409,-0.105600,0,-14.548697
0,0,1,0
0,0,0,1
-0.099735,0.995014,0,7.340883
-0.995014,-0.099735,0,-15.121245
0,0,1,0
0,0,0,1
-0.086459,0.996255,0,7.296640
-0.996255,-0.086459,0,-15.628918
0,0,1,0
0,0,0,1
-0.075675,0.997133,0,7.258049
-0.997133,-0.075675,0,-16.127587
0,0,1,0
0,0,0,1
-0.066749,0.997770,0,7.222168
-0.997770,-0.066749,0,-16.715806
0,0,1,0
0,0,0,1
-0.061233,0.998123,0,7.195326
-0.998123,-0.061233,0,-17.315218
0,0,1,0
0,0,0,1
-0.045056,0.998984,0,7.166093
-0.998984,-0.045056,0,-17.930563
0,0,1,0
0,0,0,1
-0.045146,0.998980,0,7.159939
-0.998980,-0.045146,0,-18.537522
0,0,1,0
0,0,0,1
-0.039028,0.999238,0,7.133345
-0.999238,-0.039028,0,-19.148953
0,0,1,0
0,0,0,1
-0.031363,0.999508,0,7.121466
-0.999508,-0.031363,0,-19.767787
0,0,1,0
0,0,0,1
-0.020632,0.999787,0,7.111428
-0.999787,-0.020632,0,-20.376682
0,0,1,0
0,0,0,1
-0.011464,0.999934,0,7.111311
-0.999934,-0.011464,0,-21.004455
0,0,1,0
0,0,0,1
0.000632,1.000000,0,7.112447
-1.000000,0.000632,0,-21.594433
0,0,1,0
0,0,0,1
0.008589,0.999963,0,7.125905
-0.999963,0.008589,0,-22.215371
0,0,1,0
0,0,0,1
0.019154,0.999817,0,7.149852
-0.999817,0.019154,0,-22.802513
0,0,1,0
0,0,0,1
0.027682,0.999617,0,7.172397
-0.999617,0.027682,0,-23.397831
0,0,1,0
0,0,0,1
-0.230476,0.973078,0,7.173436
-0.973078,-0.230476,0,-23.449455
0,0,1,0
0,0,0,1
-0.526729,0.850033,0,7.180674
-0.850033,-0.526729,0,-23.452582
0,0,1,0
0,0,0,1
-0.694891,0.719115,0,7.177702
-0.719115,-0.694891,0,-23.458063
0,0,1,0
0,0,0,1
-0.837527,0.546396,0,7.176218
-0.546396,-0.837527,0,-23.464354
0,0,1,0
0,0,0,1
-0.934631,0.355620,0,7.177982
-0.355620,-0.934631,0,-23.457836
0,0,1,0
0,0,0,1
-0.994012,0.109270,0,7.178907
-0.109270,-0.994012,0,-23.451789
0,0,1,0
0,0,0,1
-0.980011,-0.198943,0,7.178313
0.198943,-0.980011,0,-23.453415
0,0,1,0
0,0,0,1
-0.915490,-0.402342,0,7.178996
0.402342,-0.915490,0,-23.446567
0,0,1,0
0,0,0,1
-0.723171,-0.690669,0,7.179501
0.690669,-0.723171,0,-23.439485
0,0,1,0
0,0,0,1
-0.535233,-0.844705,0,7.179967
0.844705,-0.535233,0,-23.441513
0,0,1,0
0,0,0,1
-0.306871,-0.951751,0,7.185100
0.951751,-0.306871,0,-23.452468
0,0,1,0
0,0,0,1
-0.072835,-0.997344,0,7.183150
0.997344,-0.072835,0,-23.447598
0,0,1,0
0,0,0,1
0.176838,-0.984240,0,7.181946
0.984240,0.176838,0,-23.427907
0,0,1,0
0,0,0,1
0.475511,-0.879710,0,7.182566
0.879710,0.475511,0,-23.431799
0,0,1,0
0,0,0,1
0.647999,-0.761641,0,7.177566
0.761641,0.647999,0,-23.446268
0,0,1,0
0,0,0,1
0.797678,-0.603083,0,7.175526
0.603083,0.797678,0,-23.437005
0,0,1,0
0,0,0,1
0.908592,-0.417684,0,7.180117
0.417684,0.908592,0,-23.404848
0,0,1,0
0,0,0,1
0.980922,-0.194404,0,7.178737
0.194404,0.980922,0,-23.432526
0,0,1,0
0,0,0,1
0.999312,0.037095,0,7.180791
-0.037095,0.999312,0,-23.455728
0,0,1,0
0,0,0,1
0.961588,0.274498,0,7.168173
-0.274498,0.961588,0,-23.470786
0,0,1,0
0,0,0,1
0.869703,0.493576,0,7.174396
-0.493576,0.869703,0,-23.460399
0,0,1,0
0,0,0,1
0.697771,0.716321,0,7.173492
-0.716321,0.697771,0,-23.456335
0,0,1,0
0,0,0,1
0.426249,0.904606,0,7.174661
-0.904606,0.426249,0,-23.453406
0,0,1,0
0,0,0,1
0.107263,0.994231,0,7.174894
-0.994231,0.107263,0,-23.451896
0,0,1,0
0,0,0,1
-0.040297,0.999188,0,7.154900
-0.999188,-0.040297,0,-23.956293
0,0,1,0
0,0,0,1
-0.035881,0.999356,0,7.144403
-0.999356,-0.035881,0,-24.563152
0,0,1,0
0,0,0,1
-0.028864,0.999583,0,7.130761
-0.999583,-0.028864,0,-25.068623
0,0,1,0
0,0,0,1
-0.025919,0.999664,0,7.126483
-0.999664,-0.025919,0,-25.567906
0,0,1,0
0,0,0,1
-0.021846,0.999761,0,7.116907
-0.999761,-0.021846,0,-26.166352
0,0,1,0
0,0,0,1
-0.016455,0.999865,0,7.118618
-0.999865,-0.016455,0,-26.782574
0,0,1,0
0,0,0,1
-0.012207,0.999925,0,7.124710
-0.999925,-0.012207,0,-27.367047
0,0,1,0
0,0,0,1
0.010221,0.999948,0,7.131666
-0.999948,0.010221,0,-28.011676
0,0,1,0
0,0,0,1
0.019073,0.999818,0,7.138132
-0.999818,0.019073,0,-28.587602
0,0,1,0
0,0,0,1
0.024456,0.999701,0,7.163444
-0.999701,0.024456,0,-29.191315
0,0,1,0
0,0,0,1
0.032809,0.999462,0,7.186086
-0.999462,0.032809,0,-29.766782
0,0,1,0
0,0,0,1
0.047863,0.998854,0,7.219610
-0.998854,0.047863,0,-30.382310
0,0,1,0
0,0,0,1
0.054088,0.998536,0,7.260764
-0.998536,0.054088,0,-30.999723
0,0,1,0
0,0,0,1
0.058123,0.998309,0,7.305420
-0.998309,0.058123,0,-31.612556
0,0,1,0
0,0,0,1
0.065807,0.997832,0,7.343391
-0.997832,0.065807,0,-32.133893
0,0,1,0
0,0,0,1
0.080206,0.996778,0,7.396532
-0.996778,0.080206,0,-32.735549
0,0,1,0
0,0,0,1
0.091441,0.995811,0,7.460684
-0.995811,0.091441,0,-33.331160
0,0,1,0
0,0,0,1
0.102185,0.994765,0,7.527119
-0.994765,0.102185,0,-33.942275
0,0,1,0
0,0,0,1
-0.123819,0.992305,0,7.579179
-0.992305,-0.123819,0,-34.293474
0,0,1,0
0,0,0,1
-0.346533,0.938038,0,7.575370
-0.938038,-0.346533,0,-34.289687
0,0,1,0
0,0,0,1
-0.550218,0.835021,0,7.573724
-0.835021,-0.550218,0,-34.292276
0,0,1,0
0,0,0,1
-0.745732,0.666246,0,7.572097
-0.666246,-0.745732,0,-34.286629
0,0,1,0
0,0,0,1
-0.871384,0.490601,0,7.574000
-0.490601,-0.871384,0,-34.294640
0,0,1,0
0,0,0,1
-0.981388,0.192034,0,7.576194
-0.192034,-0.981388,0,-34.304017
0,0,1,0
0,0,0,1
-0.998201,-0.059959,0,7.444694
0.059959,-0.998201,0,-34.309419
0,0,1,0
0,0,0,1
-0.998182,-0.060266,0,6.846970
0.060266,-0.998182,0,-34.274947
0,0,1,0
0,0,0,1
-0.958905,-0.283729,0,6.747021
0.283729,-0.958905,0,-34.273635
0,0,1,0
0,0,0,1
-0.864933,-0.501886,0,6.747445
0.501886,-0.864933,0,-34.273519
0,0,1,0
0,0,0,1
-0.668611,-0.743612,0,6.749397
0.743612,-0.668611,0,-34.271519
0,0,1,0
0,0,0,1
-0.490694,-0.871332,0,6.750928
0.871332,-0.490694,0,-34.281450
0,0,1,0
0,0,0,1
-0.202031,-0.979379,0,6.746686
0.979379,-0.202031,0,-34.272779
0,0,1,0
0,0,0,1
0.105719,-0.994396,0,6.750882
0.994396,0.105719,0,-34.258365
0,0,1,0
0,0,0,1
0.347882,-0.937538,0,6.748159
0.937538,0.347882,0,-34.265459
0,0,1,0
0,0,0,1
0.545059,-0.838397,0,6.754301
0.838397,0.545059,0,-34.242873
0,0,1,0
0,0,0,1
0.714076,-0.700069,0,6.752274
0.700069,0.714076,0,-34.263243
0,0,1,0
0,0,0,1
0.846417,-0.532521,0,6.755165
0.532521,0.846417,0,-34.259154
0,0,1,0
0,0,0,1
0.941257,-0.337692,0,6.750485
0.337692,0.941257,0,-34.263506
0,0,1,0
0,0,0,1
0.999409,-0.034370,0,6.751235
0.034370,0.999409,0,-34.266730
0,0,1,0
0,0,0,1
0.978335,0.207030,0,6.749982
-0.207030,0.978335,0,-34.270576
0,0,1,0
0,0,0,1
0.863549,0.504266,0,6.751025
-0.504266,0.863549,0,-34.269027
0,0,1,0
0,0,0,1
0.717319,0.696745,0,6.752537
-0.696745,0.717319,0,-34.270551
0,0,1,0
0,0,0,1
0.443715,0.896168,0,6.756344
-0.896168,0.443715,0,-34.265208
0,0,1,0
0,0,0,1
0.141106,0.989995,0,6.756034
-0.989995,0.141106,0,-34.259374
0,0,1,0
0,0,0,1
-0.071562,0.997436,0,6.753193
-0.997436,-0.071562,0,-34.255205
0,0,1,0
0,0,0,1
-0.090143,0.995929,0,6.706256
-0.995929,-0.090143,0,-34.861801
0,0,1,0
0,0,0,1
-0.079151,0.996863,0,6.666177
-0.996863,-0.079151,0,-35.444868
0,0,1,0
0,0,0,1
-0.070061,0.997543,0,6.618702
-0.997543,-0.070061,0,-36.041461
0,0,1,0
0,0,0,1
-0.066653,0.997776,0,6.601102
-0.997776,-0.066653,0,-36.631004
0,0,1,0
0,0,0,1
-0.055829,0.998440,0,6.544527
-0.998440,-0.055829,0,-37.248390
0,0,1,0
0,0,0,1
-0.041002,0.999159,0,6.561430
-0.999159,-0.041002,0,-37.750500
0,0,1,0
0,0,0,1
-0.035505,0.999370,0,6.519344
-0.999370,-0.035505,0,-38.301930
0,0,1,0
0,0,0,1
-0.034345,0.999410,0,6.517887
-0.999410,-0.034345,0,-38.889628
0,0,1,0
0,0,0,1
-0.025752,0.999668,0,6.523533
-0.999668,-0.025752,0,-39.494920
0,0,1,0
0,0,0,1
-0.025272,0.999681,0,6.510640
-0.999681,-0.025272,0,-40.107917
0,0,1,0
0,0,0,1
-0.024679,0.999695,0,6.480119
-0.999695,-0.024679,0,-40.722150
0,0,1,0
0,0,0,1
-0.031299,0.999510,0,6.480400
-0.999510,-0.031299,0,-41.310309
0,0,1,0
0,0,0,1
-0.019625,0.999807,0,6.479398
-0.999807,-0.019625,0,-41.912153
0,0,1,0
0,0,0,1
-0.010242,0.999948,0,6.457763
-0.999948,-0.010242,0,-42.474647
0,0,1,0
0,0,0,1
-0.002115,0.999998,0,6.461011
-0.999998,-0.002115,0,-43.084573
0,0,1,0
0,0,0,1
-0.000516,1.000000,0,6.466980
-1.000000,-0.000516,0,-43.692423
0,0,1,0
0,0,0,1
0.008416,0.999965,0,6.475403
-0.999965,0.008416,0,-44.320167
0,0,1,0
0,0,0,1
0.017394,0.999849,0,6.488252
-0.999849,0.017394,0,-44.930142
0,0,1,0
0,0,0,1
0.026615,0.999646,0,6.050352
-0.999646,0.026615,0,-45.216878
0,0,1,0
0,0,0,1
0.025121,0.999684,0,5.673986
-0.999684,0.025121,0,-45.567312
0,0,1,0
0,0,0,1
0.041122,0.999154,0,5.698501
-0.999154,0.041122,0,-46.175004
0,0,1,0
0,0,0,1
0.043965,0.999033,0,5.730325
-0.999033,0.043965,0,-46.752985
0,0,1,0
0,0,0,1
0.049268,0.998786,0,5.761616
-0.998786,0.049268,0,-47.331835
0,0,1,0
0,0,0,1
0.059992,0.998199,0,5.804905
-0.998199,0.059992,0,-47.941411
0,0,1,0
0,0,0,1
0.068959,0.997620,0,5.839506
-0.997620,0.068959,0,-48.442149
0,0,1,0
0,0,0,1
0.077940,0.996958,0,5.903897
-0.996958,0.077940,0,-49.042079
0,0,1,0
0,0,0,1
0.089738,0.995965,0,5.960516
-0.995965,0.089738,0,-49.553702
0,0,1,0
0,0,0,1
0.099916,0.994996,0,6.031331
-0.994996,0.099916,0,-50.168139
0,0,1,0
0,0,0,1
0.113200,0.993572,0,6.085506
-0.993572,0.113200,0,-50.768138
0,0,1,0
0,0,0,1
0.121453,0.992597,0,6.168104
-0.992597,0.121453,0,-51.363935
0,0,1,0
0,0,0,1
0.138126,0.990415,0,6.251151
-0.990415,0.138126,0,-51.957068
0,0,1,0
0,0,0,1
0.144525,0.989501,0,6.345543
-0.989501,0.144525,0,-52.554274
0,0,1,0
0,0,0,1
0.152914,0.988239,0,6.434160
-0.988239,0.152914,0,-53.106294
0,0,1,0
0,0,0,1
0.163145,0.986602,0,6.551784
-0.986602,0.163145,0,-53.705914
0,0,1,0
0,0,0,1
0.169918,0.985458,0,6.649106
-0.985458,0.169918,0,-54.316574
0,0,1,0
0,0,0,1
0.179591,0.983741,0,6.734388
-0.983741,0.179591,0,-54.812945
0,0,1,0
0,0,0,1
0.181729,0.983349,0,6.883709
-0.983349,0.181729,0,-55.403432
0,0,1,0
0,0,0,1
0.173022,0.984918,0,7.002153
-0.984918,0.173022,0,-55.958177
0,0,1,0
0,0,0,1
-0.074873,0.997193,0,7.007458
-0.997193,-0.074873,0,-55.985191
0,0,1,0
0,0,0,1
-0.259196,0.965825,0,6.895891
-0.965825,-0.259196,0,-56.512278
0,0,1,0
0,0,0,1
-0.253267,0.967397,0,6.691630
-0.967397,-0.253267,0,-57.096855
0,0,1,0
0,0,0,1
-0.240538,0.970640,0,6.579410
-0.970640,-0.240538,0,-57.695102
0,0,1,0
0,0,0,1
-0.230614,0.973045,0,6.471264
-0.973045,-0.230614,0,-58.278648
0,0,1,0
0,0,0,1
-0.222035,0.975039,0,6.340374
-0.975039,-0.222035,0,-58.842653
0,0,1,0
0,0,0,1
-0.218830,0.975763,0,6.227770
-0.975763,-0.218830,0,-59.419789
0,0,1,0
0,0,0,1
-0.206958,0.978350,0,6.106652
-0.978350,-0.206958,0,-60.010140
0,0,1,0
0,0,0,1
-0.200279,0.979739,0,5.967950
-0.979739,-0.200279,0,-60.627450
0,0,1,0
0,0,0,1
-0.195788,0.980646,0,5.803245
-0.980646,-0.195788,0,-61.224915
0,0,1,0
0,0,0,1
-0.190499,0.981687,0,5.722319
-0.981687,-0.190499,0,-61.838068
0,0,1,0
0,0,0,1
0.036671,0.999327,0,5.656846
-0.999327,0.036671,0,-62.256878
0,0,1,0
0,0,0,1
0.244644,0.969613,0,5.689223
-0.969613,0.244644,0,-62.405436
0,0,1,0
0,0,0,1
0.258054,0.966131,0,5.842915
-0.966131,0.258054,0,-62.997061
0,0,1,0
0,0,0,1
0.267038,0.963686,0,6.017579
-0.963686,0.267038,0,-63.550177
0,0,1,0
0,0,0,1
0.271188,0.962526,0,6.187279
-0.962526,0.271188,0,-64.133429
0,0,1,0
0,0,0,1
0.279164,0.960243,0,6.354968
-0.960243,0.279164,0,-64.679490
0,0,1,0
0,0,0,1
0.284457,0.958689,0,6.513653
-0.958689,0.284457,0,-65.227199
0,0,1,0
0,0,0,1
0.283443,0.958989,0,7.031336
-0.958989,0.283443,0,-65.380400
0,0,1,0
0,0,0,1
0.501478,0.865171,0,7.086700
-0.865171,0.501478,0,-65.358261
0,0,1,0
0,0,0,1
0.704477,0.709727,0,7.077768
-0.709727,0.704477,0,-65.361492
0,0,1,0
0,0,0,1
0.839747,0.542978,0,7.078481
-0.542978,0.839747,0,-65.359188
0,0,1,0
0,0,0,1
0.965348,0.260966,0,7.081957
-0.260966,0.965348,0,-65.358354
0,0,1,0
0,0,0,1
0.999572,0.029251,0,7.076280
-0.029251,0.999572,0,-65.362557
0,0,1,0
0,0,0,1
0.974851,-0.222859,0,7.077939
0.222859,0.974851,0,-65.364033
0,0,1,0
0,0,0,1
0.907078,-0.420963,0,7.080595
0.420963,0.907078,0,-65.364761
0,0,1,0
0,0,0,1
0.975607,-0.219526,0,7.086419
0.219526,0.975607,0,-65.362417
0,0,1,0
0,0,0,1
0.998456,0.055541,0,7.217799
-0.055541,0.998456,0,-65.364076
0,0,1,0
0,0,0,1
0.998261,0.058945,0,7.837210
-0.058945,0.998261,0,-65.392171
0,0,1,0
0,0,0,1
0.999161,0.040952,0,8.439994
-0.040952,0.999161,0,-65.420152
0,0,1,0
0,0,0,1
0.982023,-0.188760,0,8.735785
0.188760,0.982023,0,-65.426076
0,0,1,0
0,0,0,1
0.896753,-0.442530,0,8.869794
0.442530,0.896753,0,-65.370623
0,0,1,0
0,0,0,1
0.892869,-0.450317,0,9.327086
0.450317,0.892869,0,-65.125212
0,0,1,0
0,0,0,1
0.974962,-0.222369,0,9.546034
0.222369,0.974962,0,-65.011597
0,0,1,0
0,0,0,1
0.996400,0.084781,0,9.543964
-0.084781,0.996400,0,-65.004756
0,0,1,0
0,0,0,1
0.955449,0.295155,0,9.709481
-0.295155,0.955449,0,-65.048416
0,0,1,0
0,0,0,1
0.956034,0.293257,0,10.198720
-0.293257,0.956034,0,-65.186540
0,0,1,0
0,0,0,1
0.958428,0.285334,0,10.697263
-0.285334,0.958428,0,-65.320285
0,0,1,0
0,0,0,1
0.962569,0.271038,0,11.271376
-0.271038,0.962569,0,-65.491719
0,0,1,0
0,0,0,1
0.965212,0.261469,0,11.850744
-0.261469,0.965212,0,-65.638675
0,0,1,0
0,0,0,1
0.970045,0.242924,0,12.421344
-0.242924,0.970045,0,-65.781835
0,0,1,0
0,0,0,1
0.972759,0.231819,0,13.007697
-0.231819,0.972759,0,-65.918141
0,0,1,0
0,0,0,1
0.975744,0.218916,0,13.583584
-0.218916,0.975744,0,-66.043185
0,0,1,0
0,0,0,1
0.976752,0.214371,0,14.180446
-0.214371,0.976752,0,-66.166620
0,0,1,0
0,0,0,1
0.977834,0.209381,0,14.673754
-0.209381,0.977834,0,-66.266325
0,0,1,0
0,0,0,1
0.979775,0.200104,0,15.164817
-0.200104,0.979775,0,-66.359123
0,0,1,0
0,0,0,1
0.999647,-0.026557,0,15.530204
0.026557,0.999647,0,-66.431088
0,0,1,0
0,0,0,1
0.996266,-0.086341,0,16.027975
0.086341,0.996266,0,-66.380661
0,0,1,0
0,0,0,1
0.995315,-0.096684,0,16.628432
0.096684,0.995315,0,-66.332793
0,0,1,0
0,0,0,1
0.994886,-0.101007,0,17.255793
0.101007,0.994886,0,-66.250672
0,0,1,0
0,0,0,1
0.994033,-0.109081,0,17.812544
0.109081,0.994033,0,-66.190901
0,0,1,0
0,0,0,1
0.992222,-0.124482,0,18.442535
0.124482,0.992222,0,-66.105518
0,0,1,0
0,0,0,1
0.990591,-0.136854,0,19.053064
0.136854,0.990591,0,-66.015940
0,0,1,0
0,0,0,1
0.988260,-0.152781,0,19.627429
0.152781,0.988260,0,-65.926905
0,0,1,0
0,0,0,1
0.986756,-0.162213,0,20.214139
0.162213,0.986756,0,-65.826050
0,0,1,0
0,0,0,1
0.983867,-0.178901,0,20.759889
0.178901,0.983867,0,-65.718102
0,0,1,0
0,0,0,1
0.982079,-0.188468,0,21.319994
0.188468,0.982079,0,-65.609534
0,0,1,0
0,0,0,1
0.997582,0.069504,0,21.768658
-0.069504,0.997582,0,-65.519459
0,0,1,0
0,0,0,1
0.961184,0.275910,0,21.774213
-0.275910,0.961184,0,-65.516657
0,0,1,0
0,0,0,1
0.818160,0.574991,0,21.775169
-0.574991,0.818160,0,-65.514057
0,0,1,0
0,0,0,1
0.604545,0.796571,0,21.743688
-0.796571,0.604545,0,-65.507962
0,0,1,0
0,0,0,1
0.396828,0.917893,0,21.686953
-0.917893,0.396828,0,-65.512303
0,0,1,0
0,0,0,1
0.108278,0.994121,0,21.638547
-0.994121,0.108278,0,-65.493320
0,0,1,0
0,0,0,1
-0.183730,0.982977,0,21.552841
-0.982977,-0.183730,0,-65.492735
0,0,1,0
0,0,0,1
-0.453933,0.891036,0,21.466970
-0.891036,-0.453933,0,-65.479076
0,0,1,0
0,0,0,1
-0.656852,0.754020,0,21.460187
-0.754020,-0.656852,0,-65.491111
0,0,1,0
0,0,0,1
-0.872836,0.488014,0,21.512709
-0.488014,-0.872836,0,-65.462724
0,0,1,0
0,0,0,1
-0.956481,0.291794,0,21.521152
-0.291794,-0.956481,0,-65.465649
0,0,1,0
0,0,0,1
-0.998588,0.053126,0,21.527734
-0.053126,-0.998588,0,-65.468255
0,0,1,0
0,0,0,1
-0.986430,-0.164182,0,21.529558
0.164182,-0.986430,0,-65.469954
0,0,1,0
0,0,0,1
-0.914010,-0.405691,0,21.542078
0.405691,-0.914010,0,-65.477249
0,0,1,0
0,0,0,1
-0.800152,-0.599798,0,21.550400
0.599798,-0.800152,0,-65.477625
0,0,1,0
0,0,0,1
-0.637801,-0.770201,0,21.561134
0.770201,-0.637801,0,-65.479976
0,0,1,0
0,0,0,1
-0.433219,-0.901289,0,21.566685
0.901289,-0.433219,0,-65.480406
0,0,1,0
0,0,0,1
-0.218579,-0.975819,0,21.579489
0.975819,-0.218579,0,-65.484625
0,0,1,0
0,0,0,1
0.017160,-0.999853,0,21.577330
0.999853,0.017160,0,-65.481602
0,0,1,0
0,0,0,1
0.048730,-0.998812,0,21.589090
0.998812,0.048730,0,-64.964999
0,0,1,0
0,0,0,1
0.040487,-0.999180,0,21.606901
0.999180,0.040487,0,-64.352362
0,0,1,0
0,0,0,1
0.030641,-0.999530,0,21.609913
0.999530,0.030641,0,-63.847096
0,0,1,0
0,0,0,1
0.018735,-0.999824,0,21.607069
0.999824,0.018735,0,-63.218129
0,0,1,0
0,0,0,1
0.012115,-0.999927,0,21.613841
0.999927,0.012115,0,-62.608409
0,0,1,0
0,0,0,1
0.004788,-0.999989,0,21.602808
0.999989,0.004788,0,-62.105841
0,0,1,0
0,0,0,1
0.004641,-0.999989,0,21.602981
0.999989,0.004641,0,-61.491091
0,0,1,0
0,0,0,1
-0.004858,-0.999988,0,21.601969
0.999988,-0.004858,0,-60.912055
0,0,1,0
0,0,0,1
-0.012185,-0.999926,0,21.588452
0.999926,-0.012185,0,-60.329148
0,0,1,0
0,0,0,1
-0.016589,-0.999862,0,21.572965
0.999862,-0.016589,0,-59.826889
0,0,1,0
0,0,0,1
-0.028874,-0.999583,0,21.548015
0.999583,-0.028874,0,-59.258591
0,0,1,0
0,0,0,1
-0.042587,-0.999093,0,21.519979
0.999093,-0.042587,0,-58.669507
0,0,1,0
0,0,0,1
0.176423,-0.984314,0,21.515382
0.984314,0.176423,0,-58.533394
0,0,1,0
0,0,0,1
0.244849,-0.969561,0,21.631314
0.969561,0.244849,0,-58.039876
0,0,1,0
0,0,0,1
0.228119,-0.973633,0,21.767634
0.973633,0.228119,0,-57.484340
0,0,1,0
0,0,0,1
0.232798,-0.972525,0,21.890414
0.972525,0.232798,0,-56.944723
0,0,1,0
0,0,0,1
0.224531,-0.974467,0,22.020512
0.974467,0.224531,0,-56.364229
0,0,1,0
0,0,0,1
-0.005077,-0.999987,0,22.040848
0.999987,-0.005077,0,-56.274171
0,0,1,0
0,0,0,1
-0.040530,-0.999178,0,22.021555
0.999178,-0.040530,0,-55.710879
0,0,1,0
0,0,0,1
-0.054435,-0.998517,0,21.982726
0.998517,-0.054435,0,-55.120743
0,0,1,0
0,0,0,1
-0.063647,-0.997972,0,21.946296
0.997972,-0.063647,0,-54.517254
0,0,1,0
0,0,0,1
-0.072113,-0.997396,0,21.886622
0.997396,-0.072113,0,-53.943968
0,0,1,0
0,0,0,1
-0.090575,-0.995890,0,21.827762
0.995890,-0.090575,0,-53.318779
0,0,1,0
0,0,0,1
-0.209059,-0.977903,0,21.768502
0.977903,-0.209059,0,-52.801741
0,0,1,0
0,0,0,1
-0.430077,-0.902792,0,21.764449
0.902792,-0.430077,0,-52.805693
0,0,1,0
0,0,0,1
-0.611596,-0.791170,0,21.769883
0.791170,-0.611596,0,-52.805613
0,0,1,0
0,0,0,1
-0.822925,-0.568150,0,21.769740
0.568150,-0.822925,0,-52.806367
0,0,1,0
0,0,0,1
-0.925546,-0.378634,0,21.769873
0.378634,-0.925546,0,-52.806667
0,0,1,0
0,0,0,1
-0.984275,-0.176644,0,21.769675
0.176644,-0.984275,0,-52.814005
0,0,1,0
0,0,0,1
-0.998411,0.056351,0,21.781296
-0.056351,-0.998411,0,-52.809268
0,0,1,0
0,0,0,1
-0.955640,0.294536,0,21.779291
-0.294536,-0.955640,0,-52.815044
0,0,1,0
0,0,0,1
-0.822373,0.568948,0,21.775781
-0.568948,-0.822373,0,-52.805403
0,0,1,0
0,0,0,1
-0.614367,0.789020,0,21.782344
-0.789020,-0.614367,0,-52.807316
0,0,1,0
0,0,0,1
-0.416985,0.908913,0,21.779989
-0.908913,-0.416985,0,-52.810082
0,0,1,0
0,0,0,1
-0.086370,0.996263,0,21.773109
-0.996263,-0.086370,0,-52.807010
0,0,1,0
0,0,0,1
0.244947,0.969536,0,21.759431
-0.969536,0.244947,0,-52.809816
0,0,1,0
0,0,0,1
0.478797,0.877926,0,21.765357
-0.877926,0.478797,0,-52.809893
0,0,1,0
0,0,0,1
0.659552,0.751659,0,21.776063
-0.751659,0.659552,0,-52.793297
0,0,1,0
0,0,0,1
0.804422,0.594058,0,21.773455
-0.594058,0.804422,0,-52.800697
0,0,1,0
0,0,0,1
0.920617,0.390467,0,21.773626
-0.390467,0.920617,0,-52.801427
0,0,1,0
0,0,0,1
0.983138,0.182864,0,21.774292
-0.182864,0.983138,0,-52.812746
0,0,1,0
0,0,0,1
0.998354,-0.057360,0,21.768736
0.057360,0.998354,0,-52.815502
0,0,1,0
0,0,0,1
0.934738,-0.355338,0,21.775572
0.355338,0.934738,0,-52.814831
0,0,1,0
0,0,0,1
0.816670,-0.577105,0,21.771105
0.577105,0.816670,0,-52.815607
0,0,1,0
0,0,0,1
0.602458,-0.798151,0,21.768419
0.798151,0.602458,0,-52.816750
0,0,1,0
0,0,0,1
0.422737,-0.906253,0,21.766147
0.906253,0.422737,0,-52.818631
0,0,1,0
0,0,0,1
0.221447,-0.975172,0,21.767412
0.975172,0.221447,0,-52.820491
0,0,1,0
0,0,0,1
-0.016962,-0.999856,0,21.769297
0.999856,-0.016962,0,-52.687334
0,0,1,0
0,0,0,1
-0.029677,-0.999560,0,21.743071
0.999560,-0.029677,0,-52.074826
0,0,1,0
0,0,0,1
-0.028762,-0.999586,0,21.713798
0.999586,-0.028762,0,-51.444252
0,0,1,0
0,0,0,1
-0.037334,-0.999303,0,21.681780
0.999303,-0.037334,0,-50.846120
0,0,1,0
0,0,0,1
0.167502,-0.985872,0,21.734386
0.985872,0.167502,0,-50.314939
0,0,1,0
0,0,0,1
0.154245,-0.988033,0,21.808352
0.988033,0.154245,0,-49.767654
0,0,1,0
0,0,0,1
0.151270,-0.988493,0,21.891461
0.988493,0.151270,0,-49.187026
0,0,1,0
0,0,0,1
0.149970,-0.988691,0,21.993812
0.988691,0.149970,0,-48.573457
0,0,1,0
0,0,0,1
0.144268,-0.989539,0,22.064820
0.989539,0.144268,0,-48.025606
0,0,1,0
0,0,0,1
0.139268,-0.990255,0,22.135930
0.990255,0.139268,0,-47.434019
0,0,1,0
0,0,0,1
0.127468,-0.991843,0,22.208289
0.991843,0.127468,0,-46.854714
0,0,1,0
0,0,0,1
0.113687,-0.993517,0,22.289193
0.993517,0.113687,0,-46.234311
0,0,1,0
0,0,0,1
0.109409,-0.993997,0,22.335074
0.993997,0.109409,0,-45.648365
0,0,1,0
0,0,0,1
0.101767,-0.994808,0,22.390353
0.994808,0.101767,0,-45.050683
0,0,1,0
0,0,0,1
0.350647,-0.936508,0,22.398059
0.936508,0.350647,0,-45.020725
0,0,1,0
0,0,0,1
0.617169,-0.786831,0,22.395661
0.786831,0.617169,0,-45.018611
0,0,1,0
0,0,0,1
0.777994,-0.628272,0,22.394824
0.628272,0.777994,0,-45.021109
0,0,1,0
0,0,0,1
0.941529,-0.336931,0,22.393631
0.336931,0.941529,0,-45.021454
0,0,1,0
0,0,0,1
0.995278,-0.097068,0,22.392918
0.097068,0.995278,0,-45.020152
0,0,1,0
0,0,0,1
0.974453,0.224591,0,22.388261
-0.224591,0.974453,0,-45.018853
0,0,1,0
0,0,0,1
0.998840,-0.048159,0,22.704990
0.048159,0.998840,0,-45.110845
0,0,1,0
0,0,0,1
0.960349,-0.278801,0,22.706302
0.278801,0.960349,0,-45.114265
0,0,1,0
0,0,0,1
0.820962,-0.570982,0,22.711041
0.570982,0.820962,0,-45.118283
0,0,1,0
0,0,0,1
0.611114,-0.791543,0,22.712999
0.791543,0.611114,0,-45.118636
0,0,1,0
0,0,0,1
0.397984,-0.917392,0,22.710922
0.917392,0.397984,0,-45.115705
0,0,1,0
0,0,0,1
0.166227,-0.986087,0,22.708761
0.986087,0.166227,0,-45.117611
0,0,1,0
0,0,0,1
0.102128,-0.994771,0,22.760341
0.994771,0.102128,0,-44.618398
0,0,1,0
0,0,0,1
-0.127600,-0.991826,0,22.783850
0.991826,-0.127600,0,-44.282075
0,0,1,0
0,0,0,1
-0.168088,-0.985772,0,22.678071
0.985772,-0.168088,0,-43.673587
0,0,1,0
0,0,0,1
-0.174902,-0.984586,0,22.585690
0.984586,-0.174902,0,-43.179711
0,0,1,0
0,0,0,1
-0.182614,-0.983185,0,22.472894
0.983185,-0.182614,0,-42.584881
0,0,1,0
0,0,0,1
-0.190132,-0.981759,0,22.347023
0.981759,-0.190132,0,-41.980092
0,0,1,0
0,0,0,1
-0.200625,-0.979668,0,22.239365
0.979668,-0.200625,0,-41.387256
0,0,1,0
0,0,0,1
-0.211411,-0.977397,0,22.111463
0.977397,-0.211411,0,-40.776002
0,0,1,0
0,0,0,1
0.014429,-0.999896,0,22.092391
0.999896,0.014429,0,-40.693766
0,0,1,0
0,0,0,1
0.099691,-0.995018,0,22.132103
0.995018,0.099691,0,-40.193226
0,0,1,0
0,0,0,1
0.091101,-0.995842,0,22.192326
0.995842,0.091101,0,-39.597558
0,0,1,0
0,0,0,1
0.082517,-0.996590,0,22.244734
0.996590,0.082517,0,-39.024329
0,0,1,0
0,0,0,1
0.078980,-0.996876,0,22.262139
0.996876,0.078980,0,-38.523396
0,0,1,0
0,0,0,1
0.079182,-0.996860,0,22.298188
0.996860,0.079182,0,-37.905865
0,0,1,0
0,0,0,1
0.068543,-0.997648,0,22.353707
0.997648,0.068543,0,-37.326617
0,0,1,0
0,0,0,1
0.062490,-0.998046,0,22.379830
0.998046,0.062490,0,-36.723565
0,0,1,0
0,0,0,1
0.052985,-0.998595,0,22.423655
0.998595,0.052985,0,-36.111099
0,0,1,0
0,0,0,1
0.045448,-0.998967,0,22.439090
0.998967,0.045448,0,-35.528772
0,0,1,0
0,0,0,1
0.040748,-0.999169,0,22.459509
0.999169,0.040748,0,-34.919782
0,0,1,0
0,0,0,1
0.035873,-0.999356,0,22.476104
0.999356,0.035873,0,-34.302131
0,0,1,0
0,0,0,1
0.028301,-0.999599,0,22.493613
0.999599,0.028301,0,-33.731639
0,0,1,0
0,0,0,1
0.018181,-0.999835,0,22.502273
0.999835,0.018181,0,-33.160689
0,0,1,0
0,0,0,1
-0.226517,-0.974007,0,22.505538
0.974007,-0.226517,0,-32.831623
0,0,1,0
0,0,0,1
-0.428345,-0.903615,0,22.503088
0.903615,-0.428345,0,-32.834683
0,0,1,0
0,0,0,1
-0.632424,-0.774623,0,22.504874
0.774623,-0.632424,0,-32.834346
0,0,1,0
0,0,0,1
-0.789569,-0.613662,0,22.502417
0.613662,-0.789569,0,-32.839154
0,0,1,0
0,0,0,1
-0.913361,-0.407151,0,22.502925
0.407151,-0.913361,0,-32.843699
0,0,1,0
0,0,0,1
-0.979896,-0.199508,0,22.504274
0.199508,-0.979896,0,-32.857764
0,0,1,0
0,0,0,1
-0.994198,0.107563,0,22.515545
-0.107563,-0.994198,0,-32.855910
0,0,1,0
0,0,0,1
-0.937479,0.348041,0,22.521377
-0.348041,-0.937479,0,-32.857208
0,0,1,0
0,0,0,1
-0.826434,0.563033,0,22.521192
-0.563033,-0.826434,0,-32.847957
0,0,1,0
0,0,0,1
-0.623482,0.781838,0,22.533311
-0.781838,-0.623482,0,-32.753415
0,0,1,0
0,0,0,1
-0.364741,0.931109,0,22.568227
-0.931109,-0.364741,0,-32.800651
0,0,1,0
0,0,0,1
-0.122495,0.992469,0,22.538301
-0.992469,-0.122495,0,-32.796631
0,0,1,0
0,0,0,1
0.131368,0.991334,0,22.520513
-0.991334,0.131368,0,-32.795428
0,0,1,0
0,0,0,1
0.397864,0.917444,0,22.518493
-0.917444,0.397864,0,-32.786932
0,0,1,0
0,0,0,1
0.598715,0.800962,0,22.516809
-0.800962,0.598715,0,-32.779639
0,0,1,0
0,0,0,1
0.774722,0.632302,0,22.509635
-0.632302,0.774722,0,-32.777329
0,0,1,0
0,0,0,1
0.918707,0.394940,0,22.513558
-0.394940,0.918707,0,-32.792108
0,0,1,0
0,0,0,1
0.986424,0.164220,0,22.543185
-0.164220,0.986424,0,-32.785626
0,0,1,0
0,0,0,1
0.996707,-0.081085,0,22.518041
0.081085,0.996707,0,-32.824293
0,0,1,0
0,0,0,1
0.938931,-0.344105,0,22.511660
0.344105,0.938931,0,-32.820933
0,0,1,0
0,0,0,1
0.841878,-0.539668,0,22.515463
0.539668,0.841878,0,-32.827788
0,0,1,0
0,0,0,1
0.693638,-0.720324,0,22.511093
0.720324,0.693638,0,-32.833112
0,0,1,0
0,0,0,1
0.473314,-0.880894,0,22.507396
0.880894,0.473314,0,-32.832850
0,0,1,0
0,0,0,1
0.249942,-0.968261,0,22.510659
0.968261,0.249942,0,-32.831914
0,0,1,0
0,0,0,1
0.109739,-0.993960,0,22.577511
0.993960,0.109739,0,-32.263969
0,0,1,0
0,0,0,1
0.100545,-0.994933,0,22.634491
0.994933,0.100545,0,-31.682138
0,0,1,0
0,0,0,1
0.096373,-0.995345,0,22.671064
0.995345,0.096373,0,-31.182225
0,0,1,0
0,0,0,1
0.092266,-0.995734,0,22.711943
0.995734,0.092266,0,-30.639631
0,0,1,0
0,0,0,1
0.079005,-0.996874,0,22.756480
0.996874,0.079005,0,-30.049689
0,0,1,0
0,0,0,1
0.071594,-0.997434,0,22.791109
0.997434,0.071594,0,-29.440436
0,0,1,0
0,0,0,1
0.062095,-0.998070,0,22.830282
0.998070,0.062095,0,-28.828043
0,0,1,0
0,0,0,1
0.058594,-0.998282,0,22.856955
0.998282,0.058594,0,-28.322617
0,0,1,0
0,0,0,1
0.046710,-0.998909,0,22.882179
0.998909,0.046710,0,-27.707965
0,0,1,0
0,0,0,1
0.039592,-0.999216,0,22.895132
0.999216,0.039592,0,-27.114713
0,0,1,0
0,0,0,1
0.024154,-0.999708,0,22.910805
0.999708,0.024154,0,-26.508421
0,0,1,0
0,0,0,1
0.019202,-0.999816,0,22.914594
0.999816,0.019202,0,-25.922213
0,0,1,0
0,0,0,1
0.013018,-0.999915,0,22.926938
0.999915,0.013018,0,-25.311183
0,0,1,0
0,0,0,1
0.006767,-0.999977,0,22.912142
0.999977,0.006767,0,-24.799459
0,0,1,0
0,0,0,1
-0.004310,-0.999991,0,22.899878
0.999991,-0.004310,0,-24.184230
0,0,1,0
0,0,0,1
-0.004810,-0.999988,0,22.907372
0.999988,-0.004810,0,-23.676170
0,0,1,0
0,0,0,1
-0.012397,-0.999923,0,22.873526
0.999923,-0.012397,0,-23.067960
0,0,1,0
0,0,0,1
-0.021444,-0.999770,0,22.859458
0.999770,-0.021444,0,-22.493442
0,0,1,0
0,0,0,1
-0.027743,-0.999615,0,22.832592
0.999615,-0.027743,0,-21.880166
0,0,1,0
0,0,0,1
0.222689,-0.974889,0,22.821540
0.974889,0.222689,0,-21.638483
0,0,1,0
0,0,0,1
0.367443,-0.930046,0,23.001683
0.930046,0.367443,0,-21.166527
0,0,1,0
0,0,0,1
0.364964,-0.931022,0,23.199234
0.931022,0.364964,0,-20.643780
0,0,1,0
0,0,0,1
0.357443,-0.933935,0,23.374366
0.933935,0.357443,0,-20.175122
0,0,1,0
0,0,0,1
0.588905,-0.808202,0,23.439496
0.808202,0.588905,0,-20.021141
0,0,1,0
0,0,0,1
0.768937,-0.639325,0,23.438649
0.639325,0.768937,0,-20.004738
0,0,1,0
0,0,0,1
0.900471,-0.434916,0,23.436793
0.434916,0.900471,0,-20.012515
0,0,1,0
0,0,0,1
0.978459,-0.206443,0,23.435711
0.206443,0.978459,0,-20.009983
0,0,1,0
0,0,0,1
0.997623,0.068902,0,23.434280
-0.068902,0.997623,0,-20.008478
0,0,1,0
0,0,0,1
0.949908,0.312529,0,23.432111
-0.312529,0.949908,0,-20.011416
0,0,1,0
0,0,0,1
0.829921,0.557881,0,23.428627
-0.557881,0.829921,0,-20.009142
0,0,1,0
0,0,0,1
0.671345,0.741145,0,23.431087
-0.741145,0.671345,0,-20.024973
0,0,1,0
0,0,0,1
0.415373,0.909651,0,23.426552
-0.909651,0.415373,0,-20.007960
0,0,1,0
0,0,0,1
0.124408,0.992231,0,23.416202
-0.992231,0.124408,0,-20.004355
0,0,1,0
0,0,0,1
-0.180079,0.983652,0,23.419038
-0.983652,-0.180079,0,-20.001232
0,0,1,0
0,0,0,1
-0.382607,0.923911,0,23.425205
-0.923911,-0.382607,0,-20.004527
0,0,1,0
0,0,0,1
-0.611593,0.791172,0,23.421763
-0.791172,-0.611593,0,-20.003868
0,0,1,0
0,0,0,1
-0.770601,0.637318,0,23.420340
-0.637318,-0.770601,0,-20.002571
0,0,1,0
0,0,0,1
-0.926066,0.377362,0,23.428339
-0.377362,-0.926066,0,-19.999052
0,0,1,0
0,0,0,1
-0.992539,0.121931,0,23.432171
-0.121931,-0.992539,0,-20.004142
0,0,1,0
0,0,0,1
-0.990877,-0.134766,0,23.435594
0.134766,-0.990877,0,-20.006251
0,0,1,0
0,0,0,1
-0.939905,-0.341435,0,23.432691
0.341435,-0.939905,0,-20.007395
0,0,1,0
0,0,0,1
-0.841169,-0.540773,0,23.434479
0.540773,-0.841169,0,-20.010140
0,0,1,0
0,0,0,1
-0.698885,-0.715234,0,23.429309
0.715234,-0.698885,0,-20.012568
0,0,1,0
0,0,0,1
-0.469331,-0.883022,0,23.425927
0.883022,-0.469331,0,-20.015951
0,0,1,0
0,0,0,1
-0.181333,-0.983422,0,23.424086
0.983422,-0.181333,0,-20.022339
0,0,1,0
0,0,0,1
0.044577,-0.999006,0,23.428669
0.999006,0.044577,0,-19.935351
0,0,1,0
0,0,0,1
0.046975,-0.998896,0,23.443701
0.998896,0.046975,0,-19.433753
0,0,1,0
0,0,0,1
-0.164194,-0.986428,0,23.448103
0.986428,-0.164194,0,-19.358096
0,0,1,0
0,0,0,1
-0.245254,-0.969459,0,23.289310
0.969459,-0.245254,0,-18.788464
0,0,1,0
0,0,0,1
-0.027747,-0.999615,0,23.265627
0.999615,-0.027747,0,-18.689710
0,0,1,0
0,0,0,1
-0.012993,-0.999916,0,23.244885
0.999916,-0.012993,0,-18.075204
0,0,1,0
0,0,0,1
-0.031234,-0.999512,0,23.228956
0.999512,-0.031234,0,-17.471784
0,0,1,0
0,0,0,1
-0.030307,-0.999541,0,23.204313
0.999541,-0.030307,0,-16.937760
0,0,1,0
0,0,0,1
-0.042301,-0.999105,0,23.181900
0.999105,-0.042301,0,-16.428921
0,0,1,0
0,0,0,1
-0.054250,-0.998527,0,23.150334
0.998527,-0.054250,0,-15.806132
0,0,1,0
0,0,0,1
-0.058215,-0.998304,0,23.104128
0.998304,-0.058215,0,-15.298005
0,0,1,0
0,0,0,1
-0.059818,-0.998209,0,23.058363
0.998209,-0.059818,0,-14.724294
0,0,1,0
0,0,0,1
0.064279,-0.997932,0,23.021980
0.997932,0.064279,0,-14.153962
0,0,1,0
0,0,0,1
0.226503,-0.974010,0,23.137279
0.974010,0.226503,0,-13.584931
0,0,1,0
0,0,0,1
0.223702,-0.974658,0,23.282419
0.974658,0.223702,0,-13.004329
0,0,1,0
0,0,0,1
0.220387,-0.975412,0,23.389861
0.975412,0.220387,0,-12.475342
0,0,1,0
0,0,0,1
0.224952,-0.974370,0,23.502900
0.974370,0.224952,0,-11.867990
0,0,1,0
0,0,0,1
0.217525,-0.976055,0,23.611500
0.976055,0.217525,0,-11.372294
0,0,1,0
0,0,0,1
-0.097762,-0.995210,0,23.702945
0.995210,-0.097762,0,-10.965552
0,0,1,0
0,0,0,1
-0.384719,-0.923034,0,23.704967
0.923034,-0.384719,0,-10.958373
0,0,1,0
0,0,0,1
-0.636605,-0.771190,0,23.710116
0.771190,-0.636605,0,-10.962905
0,0,1,0
0,0,0,1
-0.818940,-0.573880,0,23.715188
0.573880,-0.818940,0,-10.972991
0,0,1,0
0,0,0,1
-0.928620,-0.371033,0,23.713502
0.371033,-0.928620,0,-10.969405
0,0,1,0
0,0,0,1
-0.989096,-0.147272,0,23.701078
0.147272,-0.989096,0,-10.953665
0,0,1,0
0,0,0,1
-0.994527,0.104475,0,23.701713
-0.104475,-0.994527,0,-10.949449
0,0,1,0
0,0,0,1
-0.944249,0.329233,0,23.698754
-0.329233,-0.944249,0,-10.975691
0,0,1,0
0,0,0,1
-0.839663,0.543108,0,23.695501
-0.543108,-0.839663,0,-10.959738
0,0,1,0
0,0,0,1
-0.680324,0.732911,0,23.690967
-0.732911,-0.680324,0,-10.949400
0,0,1,0
0,0,0,1
-0.463118,0.886297,0,23.687439
-0.886297,-0.463118,0,-10.951299
0,0,1,0
0,0,0,1
-0.219751,0.975556,0,23.690931
-0.975556,-0.219751,0,-10.946715
0,0,1,0
0,0,0,1
0.006270,0.999980,0,23.701311
-0.999980,0.006270,0,-10.955353
0,0,1,0
0,0,0,1
0.265813,0.964024,0,23.699489
-0.964024,0.265813,0,-10.961067
0,0,1,0
0,0,0,1
0.514002,0.857789,0,23.701269
-0.857789,0.514002,0,-10.963648
0,0,1,0
0,0,0,1
0.716749,0.697331,0,23.698164
-0.697331,0.716749,0,-10.960584
0,0,1,0
0,0,0,1
0.870308,0.492508,0,23.693595
-0.492508,0.870308,0,-10.964588
0,0,1,0
0,0,0,1
0.965950,0.258729,0,23.684802
-0.258729,0.965950,0,-10.961240
0,0,1,0
0,0,0,1
0.999987,-0.005136,0,23.689589
0.005136,0.999987,0,-10.965537
0,0,1,0
0,0,0,1
0.965020,-0.262175,0,23.677599
0.262175,0.965020,0,-10.979182
0,0,1,0
0,0,0,1
0.866387,-0.499373,0,23.690382
0.499373,0.866387,0,-10.969183
0,0,1,0
0,0,0,1
0.715058,-0.699065,0,23.691344
0.699065,0.715058,0,-10.968454
0,0,1,0
0,0,0,1
0.496359,-0.868117,0,23.688897
0.868117,0.496359,0,-10.971813
0,0,1,0
0,0,0,1
0.265227,-0.964186,0,23.695646
0.964186,0.265227,0,-10.980280
0,0,1,0
0,0,0,1
-0.002442,-0.999997,0,23.704180
0.999997,-0.002442,0,-10.846737
0,0,1,0
0,0,0,1
-0.010978,-0.999940,0,23.688781
0.999940,-0.010978,0,-10.246838
0,0,1,0
0,0,0,1
-0.017170,-0.999853,0,23.676074
0.999853,-0.017170,0,-9.739477
0,0,1,0
0,0,0,1
-0.014784,-0.999891,0,23.645990
0.999891,-0.014784,0,-9.175596
0,0,1,0
0,0,0,1
-0.019518,-0.999810,0,23.623794
0.999810,-0.019518,0,-8.565510
0,0,1,0
0,0,0,1
-0.020976,-0.999780,0,23.598849
0.999780,-0.020976,0,-8.010138
0,0,1,0
0,0,0,1
-0.024189,-0.999707,0,23.590596
0.999707,-0.024189,0,-7.461292
0,0,1,0
0,0,0,1
-0.032956,-0.999457,0,23.554880
0.999457,-0.032956,0,-6.831808
0,0,1,0
0,0,0,1
-0.038016,-0.999277,0,23.533330
0.999277,-0.038016,0,-6.290898
0,0,1,0
0,0,0,1
-0.043744,-0.999043,0,23.501420
0.999043,-0.043744,0,-5.711014
0,0,1,0
0,0,0,1
-0.048160,-0.998840,0,23.458242
0.998840,-0.048160,0,-5.163665
0,0,1,0
0,0,0,1
-0.298058,-0.954548,0,23.424204
0.954548,-0.298058,0,-4.732449
0,0,1,0
0,0,0,1
-0.521667,-0.853149,0,23.433126
0.853149,-0.521667,0,-4.736779
0,0,1,0
0,0,0,1
-0.723045,-0.690801,0,23.433109
0.690801,-0.723045,0,-4.736095
0,0,1,0
0,0,0,1
-0.877553,-0.479479,0,23.436196
0.479479,-0.877553,0,-4.725597
0,0,1,0
0,0,0,1
-0.971014,-0.239024,0,23.436976
0.239024,-0.971014,0,-4.714308
0,0,1,0
0,0,0,1
-0.999181,0.040471,0,23.437762
-0.040471,-0.999181,0,-4.723339
0,0,1,0
0,0,0,1
-0.954896,0.296942,0,23.437521
-0.296942,-0.954896,0,-4.723006
0,0,1,0
0,0,0,1
-0.844543,0.535488,0,23.421514
-0.535488,-0.844543,0,-4.723105
0,0,1,0
0,0,0,1
-0.666725,0.745304,0,23.424248
-0.745304,-0.666725,0,-4.725593
0,0,1,0
0,0,0,1
-0.432844,0.901469,0,23.419042
-0.901469,-0.432844,0,-4.726666
0,0,1,0
0,0,0,1
-0.191281,0.981535,0,23.408429
-0.981535,-0.191281,0,-4.723785
0,0,1,0
0,0,0,1
0.064746,0.997902,0,23.432141
-0.997902,0.064746,0,-4.718687
0,0,1,0
0,0,0,1
0.322235,0.946660,0,23.420927
-0.946660,0.322235,0,-4.725293
0,0,1,0
0,0,0,1
0.567479,0.823388,0,23.405025
-0.823388,0.567479,0,-4.737240
0,0,1,0
0,0,0,1
0.752783,0.658269,0,23.413835
-0.658269,0.752783,0,-4.728761
0,0,1,0
0,0,0,1
0.891609,0.452805,0,23.416479
-0.452805,0.891609,0,-4.736964
0,0,1,0
0,0,0,1
0.981753,0.190163,0,23.415825
-0.190163,0.981753,0,-4.736115
0,0,1,0
0,0,0,1
0.996769,-0.080320,0,23.416553
0.080320,0.996769,0,-4.743743
0,0,1,0
0,0,0,1
0.941190,-0.337879,0,23.419663
0.337879,0.941190,0,-4.748399
0,0,1,0
0,0,0,1
0.824832,-0.565378,0,23.420035
0.565378,0.824832,0,-4.748226
0,0,1,0
0,0,0,1
0.639282,-0.768973,0,23.421950
0.768973,0.639282,0,-4.746953
0,0,1,0
0,0,0,1
0.433893,-0.900965,0,23.424254
0.900965,0.433893,0,-4.745714
0,0,1,0
0,0,0,1
0.242911,-0.970049,0,23.538366
0.970049,0.242911,0,-4.256688
0,0,1,0
0,0,0,1
0.247040,-0.969005,0,23.674204
0.969005,0.247040,0,-3.667288
0,0,1,0
0,0,0,1
0.240035,-0.970764,0,23.806139
0.970764,0.240035,0,-3.135963
0,0,1,0
0,0,0,1
0.232468,-0.972604,0,23.925331
0.972604,0.232468,0,-2.612368
0,0,1,0
0,0,0,1
0.230704,-0.973024,0,24.046001
0.973024,0.230704,0,-2.059251
0,0,1,0
0,0,0,1
0.221134,-0.975243,0,24.172055
0.975243,0.221134,0,-1.487235
0,0,1,0
0,0,0,1
0.217501,-0.976060,0,24.295619
0.976060,0.217501,0,-0.893945
0,0,1,0
0,0,0,1
-0.008375,-0.999965,0,24.306189
0.999965,-0.008375,0,-0.805912
0,0,1,0
0,0,0,1
-0.105676,-0.994401,0,24.252056
0.994401,-0.105676,0,-0.214471
0,0,1,0
0,0,0,1
-0.104561,-0.994519,0,24.196729
0.994519,-0.104561,0,0.315231
0,0,1,0
0,0,0,1
-0.111675,-0.993745,0,24.132858
0.993745,-0.111675,0,0.881678
0,0,1,0
0,0,0,1
-0.121116,-0.992638,0,24.053046
0.992638,-0.121116,0,1.466816
0,0,1,0
0,0,0,1
-0.128074,-0.991765,0,23.975621
0.991765,-0.128074,0,2.073331
0,0,1,0
0,0,0,1
-0.135445,-0.990785,0,23.904059
0.990785,-0.135445,0,2.615660
0,0,1,0
0,0,0,1
-0.142247,-0.989831,0,23.817115
0.989831,-0.142247,0,3.117979
0,0,1,0
0,0,0,1
-0.410723,-0.911760,0,23.780992
0.911760,-0.410723,0,3.350890
0,0,1,0
0,0,0,1
-0.646225,-0.763147,0,23.777803
0.763147,-0.646225,0,3.343889
0,0,1,0
0,0,0,1
-0.837601,-0.546283,0,23.781991
0.546283,-0.837601,0,3.331998
0,0,1,0
0,0,0,1
-0.961716,-0.274049,0,23.787165
0.274049,-0.961716,0,3.334494
0,0,1,0
0,0,0,1
-0.999975,0.007032,0,23.797748
-0.007032,-0.999975,0,3.325697
0,0,1,0
0,0,0,1
-0.949289,0.314405,0,23.788665
-0.314405,-0.949289,0,3.343938
0,0,1,0
0,0,0,1
-0.817645,0.575722,0,23.790471
-0.575722,-0.817645,0,3.347760
0,0,1,0
0,0,0,1
-0.602691,0.797975,0,23.803646
-0.797975,-0.602691,0,3.361529
0,0,1,0
0,0,0,1
-0.337812,0.941214,0,23.803883
-0.941214,-0.337812,0,3.352424
0,0,1,0
0,0,0,1
-0.088714,0.996057,0,23.800860
-0.996057,-0.088714,0,3.348580
0,0,1,0
0,0,0,1
0.160054,0.987108,0,23.793001
-0.987108,0.160054,0,3.350071
0,0,1,0
0,0,0,1
0.409048,0.912513,0,23.790148
-0.912513,0.409048,0,3.346422
0,0,1,0
0,0,0,1
0.666717,0.745311,0,23.784441
-0.745311,0.666717,0,3.343031
0,0,1,0
0,0,0,1
0.872278,0.489010,0,23.775273
-0.489010,0.872278,0,3.342687
0,0,1,0
0,0,0,1
0.980007,0.198961,0,23.776875
-0.198961,0.980007,0,3.338349
0,0,1,0
0,0,0,1
0.994305,0.106569,0,24.357478
-0.106569,0.994305,0,3.278612
0,0,1,0
0,0,0,1
0.995328,0.096547,0,24.889419
-0.096547,0.995328,0,3.231147
0,0,1,0
0,0,0,1
0.995982,0.089549,0,25.485143
-0.089549,0.995982,0,3.175728
0,0,1,0
0,0,0,1
0.997196,0.074835,0,26.029419
-0.074835,0.997196,0,3.129807
0,0,1,0
0,0,0,1
0.998311,0.058096,0,26.558769
-0.058096,0.998311,0,3.092856
0,0,1,0
0,0,0,1
0.998867,0.047598,0,27.161348
-0.047598,0.998867,0,3.068697
0,0,1,0
0,0,0,1
0.999257,0.038532,0,27.744680
-0.038532,0.999257,0,3.057376
0,0,1,0
0,0,0,1
0.999369,0.035523,0,28.326869
-0.035523,0.999369,0,3.037511
0,0,1,0
0,0,0,1
0.999522,0.030921,0,28.836443
-0.030921,0.999522,0,3.032042
0,0,1,0
0,0,0,1
0.999523,0.030867,0,29.441734
-0.030867,0.999523,0,3.016830
0,0,1,0
0,0,0,1
0.999675,0.025488,0,29.952363
-0.025488,0.999675,0,3.004093
0,0,1,0
0,0,0,1
0.999844,0.017650,0,30.554461
-0.017650,0.999844,0,2.993932
0,0,1,0
0,0,0,1
0.999961,0.008801,0,31.081426
-0.008801,0.999961,0,2.985703
0,0,1,0
0,0,0,1
0.999998,0.002116,0,31.700127
-0.002116,0.999998,0,2.972659
0,0,1,0
0,0,0,1
1.000000,-0.000057,0,32.215976
0.000057,1.000000,0,2.981644
0,0,1,0
0,0,0,1
0.972518,0.232826,0,32.475189
-0.232826,0.972518,0,2.995743
0,0,1,0
0,0,0,1
0.844053,0.536260,0,32.470921
-0.536260,0.844053,0,3.001576
0,0,1,0
0,0,0,1
0.627270,0.778802,0,32.476467
-0.778802,0.627270,0,3.008536
0,0,1,0
0,0,0,1
0.344208,0.938893,0,32.476323
-0.938893,0.344208,0,3.021970
0,0,1,0
0,0,0,1
0.183009,0.983111,0,32.568835
-0.983111,0.183009,0,2.527958
0,0,1,0
0,0,0,1
0.191209,0.981549,0,32.670109
-0.981549,0.191209,0,2.005915
0,0,1,0
0,0,0,1
-0.035742,0.999361,0,32.726717
-0.999361,-0.035742,0,1.738472
0,0,1,0
0,0,0,1
-0.134433,0.990923,0,32.637912
-0.990923,-0.134433,0,1.165396
0,0,1,0
0,0,0,1
-0.132605,0.991169,0,32.580935
-0.991169,-0.132605,0,0.635618
0,0,1,0
0,0,0,1
-0.128477,0.991713,0,32.513058
-0.991713,-0.128477,0,0.077550
0,0,1,0
0,0,0,1
-0.118403,0.992966,0,32.443786
-0.992966,-0.118403,0,-0.459817
0,0,1,0
0,0,0,1
-0.118530,0.992951,0,32.404828
-0.992951,-0.118530,0,-1.087272
0,0,1,0
0,0,0,1
-0.104308,0.994545,0,32.325630
-0.994545,-0.104308,0,-1.624341
0,0,1,0
0,0,0,1
-0.103323,0.994648,0,32.296138
-0.994648,-0.103323,0,-2.133045
0,0,1,0
0,0,0,1
-0.096264,0.995356,0,32.255252
-0.995356,-0.096264,0,-2.659440
0,0,1,0
0,0,0,1
-0.093356,0.995633,0,32.230452
-0.995633,-0.093356,0,-3.176288
0,0,1,0
0,0,0,1
-0.076956,0.997034,0,32.190293
-0.997034,-0.076956,0,-3.793616
0,0,1,0
0,0,0,1
-0.068957,0.997620,0,32.155256
-0.997620,-0.068957,0,-4.366930
0,0,1,0
0,0,0,1
-0.052590,0.998616,0,32.123088
-0.998616,-0.052590,0,-4.940903
0,0,1,0
0,0,0,1
-0.046640,0.998912,0,32.102989
-0.998912,-0.046640,0,-5.488200
0,0,1,0
0,0,0,1
-0.041428,0.999141,0,32.088971
-0.999141,-0.041428,0,-6.020202
0,0,1,0
0,0,0,1
-0.031956,0.999489,0,32.065447
-0.999489,-0.031956,0,-6.522530
0,0,1,0
0,0,0,1
-0.025965,0.999663,0,32.045349
-0.999663,-0.025965,0,-7.085538
0,0,1,0
0,0,0,1
-0.015563,0.999879,0,32.048366
-0.999879,-0.015563,0,-7.600720
0,0,1,0
0,0,0,1
-0.015437,0.999881,0,32.085950
-0.999881,-0.015437,0,-8.167106
0,0,1,0
0,0,0,1
-0.013405,0.999910,0,32.084305
-0.999910,-0.013405,0,-8.730409
0,0,1,0
0,0,0,1
0.004690,0.999989,0,32.087525
-0.999989,0.004690,0,-9.311166
0,0,1,0
0,0,0,1
-0.126759,0.991933,0,32.091303
-0.991933,-0.126759,0,-9.858051
0,0,1,0
0,0,0,1
-0.451406,0.892319,0,32.099673
-0.892319,-0.451406,0,-9.855432
0,0,1,0
0,0,0,1
-0.707995,0.706217,0,32.115455
-0.706217,-0.707995,0,-9.837275
0,0,1,0
0,0,0,1
-0.899980,0.435932,0,32.146362
-0.435932,-0.899980,0,-9.818624
0,0,1,0
0,0,0,1
-0.996270,0.086288,0,32.129322
-0.086288,-0.996270,0,-9.831119
0,0,1,0
0,0,0,1
-0.963809,-0.266595,0,32.123617
0.266595,-0.963809,0,-9.833483
0,0,1,0
0,0,0,1
-0.814052,-0.580792,0,32.116866
0.580792,-0.814052,0,-9.833450
0,0,1,0
0,0,0,1
-0.569156,-0.822229,0,32.113652
0.822229,-0.569156,0,-9.836251
0,0,1,0
0,0,0,1
-0.290845,-0.956770,0,32.112485
0.956770,-0.290845,0,-9.849698
0,0,1,0
0,0,0,1
0.143784,-0.989609,0,32.096039
0.989609,0.143784,0,-9.861511
0,0,1,0
0,0,0,1
0.552100,-0.833778,0,32.046580
0.833778,0.552100,0,-9.857260
0,0,1,0
0,0,0,1
0.863855,-0.503740,0,31.993817
0.503740,0.863855,0,-9.850962
0,0,1,0
0,0,0,1
0.968262,-0.249936,0,32.028428
0.249936,0.968262,0,-9.848214
0,0,1,0
0,0,0,1
0.996487,0.083749,0,32.029401
-0.083749,0.996487,0,-9.846811
0,0,1,0
0,0,0,1
0.927590,0.373599,0,32.019944
-0.373599,0.927590,0,-9.844230
0,0,1,0
0,0,0,1
0.763294,0.646051,0,32.029023
-0.646051,0.763294,0,-9.839879
0,0,1,0
0,0,0,1
0.539236,0.842155,0,32.038791
-0.842155,0.539236,0,-9.832972
0,0,1,0
0,0,0,1
0.244397,0.969675,0,32.051116
-0.969675,0.244397,0,-9.829981
0,0,1,0
0,0,0,1
-0.059519,0.998227,0,32.048167
-0.998227,-0.059519,0,-9.824177
0,0,1,0
0,0,0,1
-0.195306,0.980742,0,31.938792
-0.980742,-0.195306,0,-10.413779
0,0,1,0
0,0,0,1
-0.183140,0.983087,0,31.849395
-0.983087,-0.183140,0,-10.941519
0,0,1,0
0,0,0,1
-0.170453,0.985366,0,31.778134
-0.985366,-0.170453,0,-11.474208
0,0,1,0
0,0,0,1
-0.150162,0.988661,0,31.705905
-0.988661,-0.150162,0,-12.010555
0,0,1,0
0,0,0,1
-0.125523,0.992091,0,31.625521
-0.992091,-0.125523,0,-12.562089
0,0,1,0
0,0,0,1
-0.127424,0.991848,0,31.559889
-0.991848,-0.127424,0,-13.105678
0,0,1,0
0,0,0,1
-0.112901,0.993606,0,31.495564
-0.993606,-0.112901,0,-13.702295
0,0,1,0
0,0,0,1
-0.111201,0.993798,0,31.452847
-0.993798,-0.111201,0,-14.234239
0,0,1,0
0,0,0,1
-0.092495,0.995713,0,31.375167
-0.995713,-0.092495,0,-14.744385
0,0,1,0
0,0,0,1
-0.086127,0.996284,0,31.340716
-0.996284,-0.086127,0,-15.288891
0,0,1,0
0,0,0,1
-0.076530,0.997067,0,31.277379
-0.997067,-0.076530,0,-15.893635
0,0,1,0
0,0,0,1
-0.058248,0.998302,0,31.255241
-0.998302,-0.058248,0,-16.509887
0,0,1,0
0,0,0,1
-0.056011,0.998430,0,31.240440
-0.998430,-0.056011,0,-17.013695
0,0,1,0
0,0,0,1
-0.037356,0.999302,0,31.218268
-0.999302,-0.037356,0,-17.550946
0,0,1,0
0,0,0,1
-0.033206,0.999449,0,31.198578
-0.999449,-0.033206,0,-18.141249
0,0,1,0
0,0,0,1
0.115614,0.993294,0,31.187507
-0.993294,0.115614,0,-18.703083
0,0,1,0
0,0,0,1
0.455536,0.890217,0,31.195780
-0.890217,0.455536,0,-18.704201
0,0,1,0
0,0,0,1
0.730026,0.683419,0,31.187851
-0.683419,0.730026,0,-18.703405
0,0,1,0
0,0,0,1
0.914889,0.403704,0,31.185891
-0.403704,0.914889,0,-18.705608
0,0,1,0
0,0,0,1
0.998576,0.053346,0,31.187969
-0.053346,0.998576,0,-18.700671
0,0,1,0
0,0,0,1
0.943961,-0.330058,0,31.179596
0.330058,0.943961,0,-18.707422
0,0,1,0
0,0,0,1
0.772056,-0.635555,0,31.204293
0.635555,0.772056,0,-18.671028
0,0,1,0
0,0,0,1
0.500339,-0.865829,0,31.209947
0.865829,0.500339,0,-18.678930
0,0,1,0
0,0,0,1
0.149280,-0.988795,0,31.197956
0.988795,0.149280,0,-18.703660
0,0,1,0
0,0,0,1
-0.212580,-0.977144,0,31.206775
0.977144,-0.212580,0,-18.711328
0,0,1,0
0,0,0,1
-0.552486,-0.833522,0,31.199319
0.833522,-0.552486,0,-18.699013
0,0,1,0
0,0,0,1
-0.829662,-0.558267,0,31.195314
0.558267,-0.829662,0,-18.701676
0,0,1,0
0,0,0,1
-0.972963,-0.230959,0,31.195750
0.230959,-0.972963,0,-18.699810
0,0,1,0
0,0,0,1
-0.994696,0.102858,0,31.198417
-0.102858,-0.994696,0,-18.694554
0,0,1,0
0,0,0,1
-0.906675,0.421831,0,31.203196
-0.421831,-0.906675,0,-18.690309
0,0,1,0
0,0,0,1
-0.759514,0.650491,0,31.205454
-0.650491,-0.759514,0,-18.708173
0,0,1,0
0,0,0,1
-0.540497,0.841346,0,31.196979
-0.841346,-0.540497,0,-18.695925
0,0,1,0
0,0,0,1
-0.237919,0.971285,0,31.193181
-0.971285,-0.237919,0,-18.692163
0,0,1,0
0,0,0,1
-0.003815,0.999993,0,31.196014
-0.999993,-0.003815,0,-18.695394
0,0,1,0
0,0,0,1
0.078346,0.996926,0,31.231545
-0.996926,0.078346,0,-19.199382
0,0,1,0
0,0,0,1
0.086183,0.996279,0,31.284216
-0.996279,0.086183,0,-19.729101
0,0,1,0
0,0,0,1
0.090900,0.995860,0,31.344671
-0.995860,0.090900,0,-20.299498
0,0,1,0
0,0,0,1
-0.145049,0.989424,0,31.390513
-0.989424,-0.145049,0,-20.739343
0,0,1,0
0,0,0,1
-0.262247,0.965001,0,31.261750
-0.965001,-0.262247,0,-21.297227
0,0,1,0
0,0,0,1
-0.262759,0.964861,0,31.116106
-0.964861,-0.262759,0,-21.897532
0,0,1,0
0,0,0,1
-0.246223,0.969213,0,30.970743
-0.969213,-0.246223,0,-22.420405
0,0,1,0
0,0,0,1
0.024674,0.999696,0,30.890768
-0.999696,0.024674,0,-22.752590
0,0,1,0
0,0,0,1
0.156045,0.987750,0,31.013476
-0.987750,0.156045,0,-23.371749
0,0,1,0
0,0,0,1
0.141940,0.989875,0,31.142348
-0.989875,0.141940,0,-23.962621
0,0,1,0
0,0,0,1
0.150016,0.988684,0,31.232545
-0.988684,0.150016,0,-24.477765
0,0,1,0
0,0,0,1
0.169515,0.985528,0,31.340097
-0.985528,0.169515,0,-25.070877
0,0,1,0
0,0,0,1
0.181779,0.983339,0,31.424517
-0.983339,0.181779,0,-25.594250
0,0,1,0
0,0,0,1
0.188112,0.982148,0,31.535180
-0.982148,0.188112,0,-26.153242
0,0,1,0
0,0,0,1
0.204993,0.978764,0,31.660220
-0.978764,0.204993,0,-26.678036
0,0,1,0
0,0,0,1
-0.021984,0.999758,0,31.766722
-0.999758,-0.021984,0,-27.143550
0,0,1,0
0,0,0,1
-0.107247,0.994232,0,31.716870
-0.994232,-0.107247,0,-27.800973
0,0,1,0
0,0,0,1
-0.120139,0.992757,0,31.702248
-0.992757,-0.120139,0,-28.394503
0,0,1,0
0,0,0,1
-0.104357,0.994540,0,31.648672
-0.994540,-0.104357,0,-28.956742
0,0,1,0
0,0,0,1
-0.093949,0.995577,0,31.587430
-0.995577,-0.093949,0,-29.509627
0,0,1,0
0,0,0,1
-0.076101,0.997100,0,31.539669
-0.997100,-0.076101,0,-30.122156
0,0,1,0
0,0,0,1
-0.074288,0.997237,0,31.512065
-0.997237,-0.074288,0,-30.671250
0,0,1,0
0,0,0,1
-0.044707,0.999000,0,31.499802
-0.999000,-0.044707,0,-31.270462
0,0,1,0
0,0,0,1
-0.038926,0.999242,0,31.510409
-0.999242,-0.038926,0,-31.887050
0,0,1,0
0,0,0,1
-0.032408,0.999475,0,31.480271
-0.999475,-0.032408,0,-32.471783
0,0,1,0
0,0,0,1
-0.031270,0.999511,0,31.469891
-0.999511,-0.031270,0,-33.000328
0,0,1,0
0,0,0,1
-0.033738,0.999431,0,31.449028
-0.999431,-0.033738,0,-33.517709
0,0,1,0
0,0,0,1
-0.031061,0.999518,0,31.429344
-0.999518,-0.031061,0,-34.033052
0,0,1,0
0,0,0,1
-0.024856,0.999691,0,31.425206
-0.999691,-0.024856,0,-34.642160
0,0,1,0
0,0,0,1
-0.266495,0.963836,0,31.421897
-0.963836,-0.266495,0,-34.699658
0,0,1,0
0,0,0,1
-0.645355,0.763882,0,31.420273
-0.763882,-0.645355,0,-34.682921
0,0,1,0
0,0,0,1
-0.865727,0.500516,0,31.422712
-0.500516,-0.865727,0,-34.695533
0,0,1,0
0,0,0,1
-0.990878,0.134759,0,31.429941
-0.134759,-0.990878,0,-34.693955
0,0,1,0
0,0,0,1
-0.966020,-0.258466,0,31.432108
0.258466,-0.966020,0,-34.684302
0,0,1,0
0,0,0,1
-0.810475,-0.585773,0,31.406187
0.585773,-0.810475,0,-34.656629
0,0,1,0
0,0,0,1
-0.521972,-0.852962,0,31.407617
0.852962,-0.521972,0,-34.654858
0,0,1,0
0,0,0,1
-0.179860,-0.983692,0,31.401936
0.983692,-0.179860,0,-34.646028
0,0,1,0
0,0,0,1
0.246232,-0.969211,0,31.400355
0.969211,0.246232,0,-34.524216
0,0,1,0
0,0,0,1
0.610384,-0.792106,0,31.409827
0.792106,0.610384,0,-34.641011
0,0,1,0
0,0,0,1
0.823756,-0.566945,0,31.418664
0.566945,0.823756,0,-34.641551
0,0,1,0
0,0,0,1
0.978712,-0.205238,0,31.400433
0.205238,0.978712,0,-34.674730
0,0,1,0
0,0,0,1
0.987691,0.156416,0,31.400196
-0.156416,0.987691,0,-34.674157
0,0,1,0
0,0,0,1
0.853420,0.521224,0,31.400755
-0.521224,0.853420,0,-34.669994
0,0,1,0
0,0,0,1
0.579164,0.815211,0,31.417577
-0.815211,0.579164,0,-34.656747
0,0,1,0
0,0,0,1
0.103972,0.994580,0,31.416651
-0.994580,0.103972,0,-34.656447
0,0,1,0
0,0,0,1
-0.183152,0.983085,0,31.419633
-0.983085,-0.183152,0,-34.661524
0,0,1,0
0,0,0,1
-0.416414,0.909175,0,31.413781
-0.909175,-0.416414,0,-34.658787
0,0,1,0
0,0,0,1
-0.179654,0.983730,0,31.414145
-0.983730,-0.179654,0,-34.664177
0,0,1,0
0,0,0,1
0.119778,0.992801,0,31.301405
-0.992801,0.119778,0,-34.694229
0,0,1,0
0,0,0,1
0.126259,0.991997,0,31.432106
-0.991997,0.126259,0,-35.243738
0,0,1,0
0,0,0,1
0.130748,0.991416,0,31.511891
-0.991416,0.130748,0,-35.736815
0,0,1,0
0,0,0,1
0.128877,0.991661,0,31.597094
-0.991661,0.128877,0,-36.298934
0,0,1,0
0,0,0,1
-0.116236,0.993222,0,31.639475
-0.993222,-0.116236,0,-36.574870
0,0,1,0
0,0,0,1
-0.157800,0.987471,0,31.550868
-0.987471,-0.157800,0,-37.147472
0,0,1,0
0,0,0,1
-0.158646,0.987336,0,31.482378
-0.987336,-0.158646,0,-37.647252
0,0,1,0
0,0,0,1
-0.157694,0.987488,0,31.399205
-0.987488,-0.157694,0,-38.231263
0,0,1,0
0,0,0,1
-0.159731,0.987161,0,31.315099
-0.987161,-0.159731,0,-38.761785
0,0,1,0
0,0,0,1
-0.150441,0.988619,0,31.227642
-0.988619,-0.150441,0,-39.373796
0,0,1,0
0,0,0,1
-0.135365,0.990796,0,31.179370
-0.990796,-0.135365,0,-39.891148
0,0,1,0
0,0,0,1
-0.131764,0.991281,0,31.073859
-0.991281,-0.131764,0,-40.429273
0,0,1,0
0,0,0,1
-0.144276,0.989538,0,31.004057
-0.989538,-0.144276,0,-41.005608
0,0,1,0
0,0,0,1
-0.129120,0.991629,0,30.926810
-0.991629,-0.129120,0,-41.558076
0,0,1,0
0,0,0,1
0.106123,0.994353,0,30.916815
-0.994353,0.106123,0,-41.649008
0,0,1,0
0,0,0,1
0.212900,0.977074,0,31.033656
-0.977074,0.212900,0,-42.176278
0,0,1,0
0,0,0,1
0.236177,0.971710,0,31.100090
-0.971710,0.236177,0,-42.513800
0,0,1,0
0,0,0,1
0.240081,0.970753,0,31.257637
-0.970753,0.240081,0,-43.105548
0,0,1,0
0,0,0,1
0.241742,0.970341,0,31.381112
-0.970341,0.241742,0,-43.661964
0,0,1,0
0,0,0,1
0.276745,0.960943,0,31.567673
-0.960943,0.276745,0,-44.224702
0,0,1,0
0,0,0,1
0.027340,0.999626,0,31.666131
-0.999626,0.027340,0,-44.536879
0,0,1,0
0,0,0,1
-0.210633,0.977565,0,31.665782
-0.977565,-0.210633,0,-44.535636
0,0,1,0
0,0,0,1
-0.270783,0.962640,0,31.512497
-0.962640,-0.270783,0,-45.076454
0,0,1,0
0,0,0,1
-0.269449,0.963015,0,31.357849
-0.963015,-0.269449,0,-45.644577
0,0,1,0
0,0,0,1
-0.263054,0.964781,0,31.221768
-0.964781,-0.263054,0,-46.211934
0,0,1,0
0,0,0,1
-0.255491,0.966811,0,31.071555
-0.966811,-0.255491,0,-46.791328
0,0,1,0
0,0,0,1
-0.252070,0.967709,0,30.923490
-0.967709,-0.252070,0,-47.368149
0,0,1,0
0,0,0,1
-0.022098,0.999756,0,30.917083
-0.999756,-0.022098,0,-47.401382
0,0,1,0
0,0,0,1
0.032767,0.999463,0,30.952179
-0.999463,0.032767,0,-47.991179
0,0,1,0
0,0,0,1
0.032993,0.999456,0,30.963244
-0.999456,0.032993,0,-48.511699
0,0,1,0
0,0,0,1
-0.007661,0.999971,0,31.005761
-0.999971,-0.007661,0,-49.051611
0,0,1,0
0,0,0,1
0.004342,0.999991,0,31.025825
-0.999991,0.004342,0,-49.622095
0,0,1,0
0,0,0,1
0.007296,0.999973,0,31.034536
-0.999973,0.007296,0,-50.127968
0,0,1,0
0,0,0,1
0.017522,0.999846,0,31.051385
-0.999846,0.017522,0,-50.712221
0,0,1,0
0,0,0,1
0.017786,0.999842,0,31.060565
-0.999842,0.017786,0,-51.312667
0,0,1,0
0,0,0,1
0.026524,0.999648,0,31.082769
-0.999648,0.026524,0,-51.917421
0,0,1,0
0,0,0,1
0.030871,0.999523,0,31.104004
-0.999523,0.030871,0,-52.423157
0,0,1,0
0,0,0,1
0.042767,0.999085,0,31.130469
-0.999085,0.042767,0,-52.953501
0,0,1,0
0,0,0,1
-0.178272,0.983981,0,31.156073
-0.983981,-0.178272,0,-53.335270
0,0,1,0
0,0,0,1
-0.213673,0.976905,0,31.036909
-0.976905,-0.213673,0,-53.924199
0,0,1,0
0,0,0,1
-0.205962,0.978560,0,30.926818
-0.978560,-0.205962,0,-54.455335
0,0,1,0
0,0,0,1
-0.197418,0.980319,0,30.820681
-0.980319,-0.197418,0,-54.956406
0,0,1,0
0,0,0,1
-0.185129,0.982714,0,30.712384
-0.982714,-0.185129,0,-55.513010
0,0,1,0
0,0,0,1
-0.178110,0.984011,0,30.626562
-0.984011,-0.178110,0,-56.028753
0,0,1,0
0,0,0,1
-0.174173,0.984715,0,30.529574
-0.984715,-0.174173,0,-56.611385
0,0,1,0
0,0,0,1
-0.430573,0.902556,0,30.520772
-0.902556,-0.430573,0,-56.681246
0,0,1,0
0,0,0,1
-0.775402,0.631468,0,30.527468
-0.631468,-0.775402,0,-56.681820
0,0,1,0
0,0,0,1
-0.959110,0.283033,0,30.544486
-0.283033,-0.959110,0,-56.712144
0,0,1,0
0,0,0,1
-0.993322,-0.115373,0,30.528241
0.115373,-0.993322,0,-56.697492
0,0,1,0
0,0,0,1
-0.835055,-0.550166,0,30.534930
0.550166,-0.835055,0,-56.676005
0,0,1,0
0,0,0,1
-0.557288,-0.830320,0,30.532168
0.830320,-0.557288,0,-56.619092
0,0,1,0
0,0,0,1
-0.225475,-0.974249,0,30.534056
0.974249,-0.225475,0,-56.657464
0,0,1,0
0,0,0,1
0.116949,-0.993138,0,30.527024
0.993138,0.116949,0,-56.661566
0,0,1,0
0,0,0,1
0.459901,-0.887970,0,30.521421
0.887970,0.459901,0,-56.666252
0,0,1,0
0,0,0,1
0.705220,-0.708989,0,30.512468
0.708989,0.705220,0,-56.661727
0,0,1,0
0,0,0,1
0.882544,-0.470230,0,30.515542
0.470230,0.882544,0,-56.666805
0,0,1,0
0,0,0,1
0.988841,-0.148976,0,30.522104
0.148976,0.988841,0,-56.666105
0,0,1,0
0,0,0,1
0.981428,0.191829,0,30.529118
-0.191829,0.981428,0,-56.670232
0,0,1,0
0,0,0,1
0.833479,0.552551,0,30.529147
-0.552551,0.833479,0,-56.673620
0,0,1,0
0,0,0,1
0.565274,0.824903,0,30.528292
-0.824903,0.565274,0,-56.671697
0,0,1,0
0,0,0,1
0.215394,0.976527,0,30.535378
-0.976527,0.215394,0,-56.649158
0,0,1,0
0,0,0,1
0.019991,0.999800,0,30.544199
-0.999800,0.019991,0,-57.156788
0,0,1,0
0,0,0,1
0.022790,0.999740,0,30.571785
-0.999740,0.022790,0,-57.686172
0,0,1,0
0,0,0,1
0.029250,0.999572,0,30.587797
-0.999572,0.029250,0,-58.264652
0,0,1,0
0,0,0,1
0.040936,0.999162,0,30.614526
-0.999162,0.040936,0,-58.767682
0,0,1,0
0,0,0,1
0.044015,0.999031,0,30.645049
-0.999031,0.044015,0,-59.267547
0,0,1,0
0,0,0,1
0.047700,0.998862,0,30.689281
-0.998862,0.047700,0,-59.813307
0,0,1,0
0,0,0,1
0.054997,0.998487,0,30.724273
-0.998487,0.054997,0,-60.347833
0,0,1,0
0,0,0,1
0.067468,0.997721,0,30.770609
-0.997721,0.067468,0,-60.909528
0,0,1,0
0,0,0,1
0.069858,0.997557,0,30.807570
-0.997557,0.069858,0,-61.410270
0,0,1,0
0,0,0,1
-0.147909,0.989001,0,30.863795
-0.989001,-0.147909,0,-61.887858
0,0,1,0
0,0,0,1
-0.331058,0.943610,0,30.683745
-0.943610,-0.331058,0,-62.405013
0,0,1,0
0,0,0,1
-0.328168,0.944619,0,30.511995
-0.944619,-0.328168,0,-62.922990
0,0,1,0
0,0,0,1
-0.321665,0.946854,0,30.329525
-0.946854,-0.321665,0,-63.494508
0,0,1,0
0,0,0,1
-0.315685,0.948864,0,30.154024
-0.948864,-0.315685,0,-64.054145
0,0,1,0
0,0,0,1
-0.308952,0.951078,0,29.990093
-0.951078,-0.308952,0,-64.552879
0,0,1,0
0,0,0,1
-0.300546,0.953767,0,29.801684
-0.953767,-0.300546,0,-65.183952
0,0,1,0
0,0,0,1
-0.295000,0.955497,0,29.634511
-0.955497,-0.295000,0,-65.740843
0,0,1,0
0,0,0,1
-0.288957,0.957342,0,29.472607
-0.957342,-0.288957,0,-66.300513
0,0,1,0
0,0,0,1
-0.494185,0.869357,0,29.462367
-0.869357,-0.494185,0,-66.326252
0,0,1,0
0,0,0,1
-0.968795,0.247862,0,29.462294
-0.247862,-0.968795,0,-66.318919
0,0,1,0
0,0,0,1
-0.984142,0.177385,0,28.927480
-0.177385,-0.984142,0,-66.424961
0,0,1,0
0,0,0,1
-0.982629,0.185581,0,28.293394
-0.185581,-0.982629,0,-66.557250
0,0,1,0
0,0,0,1
-0.981891,0.189449,0,27.629540
-0.189449,-0.981891,0,-66.692354
0,0,1,0
0,0,0,1
-0.979780,0.200079,0,27.005269
-0.200079,-0.979780,0,-66.831962
0,0,1,0
0,0,0,1
-0.970982,-0.239152,0,26.939220
0.239152,-0.970982,0,-66.843873
0,0,1,0
0,0,0,1
-0.952524,-0.304462,0,26.151064
0.304462,-0.952524,0,-66.607483
0,0,1,0
0,0,0,1
-0.956172,-0.292805,0,25.320371
0.292805,-0.956172,0,-66.347781
0,0,1,0
0,0,0,1
-0.961819,-0.273688,0,24.428966
0.273688,-0.961819,0,-66.088194
0,0,1,0
0,0,0,1
-0.965009,-0.262218,0,23.560741
0.262218,-0.965009,0,-65.854456
0,0,1,0
0,0,0,1
-0.966459,-0.256820,0,22.869311
0.256820,-0.966459,0,-65.666490
0,0,1,0
0,0,0,1
-0.875495,-0.483227,0,22.864783
0.483227,-0.875495,0,-65.672163
0,0,1,0
0,0,0,1
-0.562985,-0.826467,0,22.863289
0.826467,-0.562985,0,-65.673103
0,0,1,0
0,0,0,1
-0.184822,-0.982772,0,22.854716
0.982772,-0.184822,0,-65.682134
0,0,1,0
0,0,0,1
0.193189,-0.981162,0,22.854192
0.981162,0.193189,0,-65.681704
0,0,1,0
0,0,0,1
0.587033,-0.809563,0,22.859179
0.809563,0.587033,0,-65.682752
0,0,1,0
0,0,0,1
0.879805,-0.475335,0,22.876375
0.475335,0.879805,0,-65.677864
0,0,1,0
0,0,0,1
0.999992,-0.004048,0,22.875043
0.004048,0.999992,0,-65.677551
0,0,1,0
0,0,0,1
0.977846,0.209326,0,22.900484
-0.209326,0.977846,0,-65.685201
0,0,1,0
0,0,0,1
0.975455,0.220199,0,23.490586
-0.220199,0.975455,0,-65.805880
0,0,1,0
0,0,0,1
0.978427,0.206593,0,24.300694
-0.206593,0.978427,0,-65.968737
0,0,1,0
0,0,0,1
0.980752,0.195259,0,24.897753
-0.195259,0.980752,0,-66.088656
0,0,1,0
0,0,0,1
0.981822,0.189801,0,25.417141
-0.189801,0.981822,0,-66.188635
0,0,1,0
0,0,0,1
0.983248,0.182273,0,25.941876
-0.182273,0.983248,0,-66.270738
0,0,1,0
0,0,0,1
0.985955,0.167012,0,26.535787
-0.167012,0.985955,0,-66.373534
0,0,1,0
0,0,0,1
0.987302,0.158854,0,27.131893
-0.158854,0.987302,0,-66.463938
0,0,1,0
0,0,0,1
0.989087,0.147330,0,27.728736
-0.147330,0.989087,0,-66.554434
0,0,1,0
0,0,0,1
0.991123,0.132948,0,28.345345
-0.132948,0.991123,0,-66.617865
0,0,1,0
0,0,0,1
0.992148,0.125071,0,28.964984
-0.125071,0.992148,0,-66.712586
0,0,1,0
0,0,0,1
0.993400,0.114703,0,29.487261
-0.114703,0.993400,0,-66.765724
0,0,1,0
0,0,0,1
0.994194,0.107599,0,30.108205
-0.107599,0.994194,0,-66.823819
0,0,1,0
0,0,0,1
0.995487,0.094895,0,30.722065
-0.094895,0.995487,0,-66.866877
0,0,1,0
0,0,0,1
0.996423,0.084511,0,31.227871
-0.084511,0.996423,0,-66.912034
0,0,1,0
0,0,0,1
0.997036,0.076933,0,31.774769
-0.076933,0.997036,0,-66.948596
0,0,1,0
0,0,0,1
0.997226,0.074433,0,32.301699
-0.074433,0.997226,0,-66.970125
0,0,1,0
0,0,0,1
0.998117,0.061338,0,32.859309
-0.061338,0.998117,0,-66.996096
0,0,1,0
0,0,0,1
0.998621,0.052508,0,33.459969
-0.052508,0.998621,0,-67.020781
0,0,1,0
0,0,0,1
0.998726,0.050463,0,34.013391
-0.050463,0.998726,0,-67.037065
0,0,1,0
0,0,0,1
0.999081,0.042857,0,34.570780
-0.042857,0.999081,0,-67.055712
0,0,1,0
0,0,0,1
0.999424,0.033932,0,35.089334
-0.033932,0.999424,0,-67.070971
0,0,1,0
0,0,0,1
0.999612,0.027849,0,35.620334
-0.027849,0.999612,0,-67.076220
0,0,1,0
0,0,0,1
0.999845,0.017590,0,36.170725
-0.017590,0.999845,0,-67.077130
0,0,1,0
0,0,0,1
1.000000,0.000988,0,36.774586
-0.000988,1.000000,0,-67.077367
0,0,1,0
0,0,0,1
0.999981,-0.006150,0,37.316523
0.006150,0.999981,0,-67.068997
0,0,1,0
0,0,0,1
0.999850,-0.017313,0,37.833113
0.017313,0.999850,0,-67.053585
0,0,1,0
0,0,0,1
0.999650,-0.026450,0,38.377798
0.026450,0.999650,0,-67.035624
0,0,1,0
0,0,0,1
0.999314,-0.037046,0,38.902825
0.037046,0.999314,0,-67.005386
0,0,1,0
0,0,0,1
0.998741,-0.050158,0,39.468102
0.050158,0.998741,0,-66.974518
0,0,1,0
0,0,0,1
0.998027,-0.062781,0,39.982311
0.062781,0.998027,0,-66.934439
0,0,1,0
0,0,0,1
0.997590,-0.069377,0,40.547500
0.069377,0.997590,0,-66.884130
0,0,1,0
0,0,0,1
0.996505,-0.083528,0,41.152348
0.083528,0.996505,0,-66.832243
0,0,1,0
0,0,0,1
0.995557,-0.094164,0,41.675990
0.094164,0.995557,0,-66.782401
0,0,1,0
0,0,0,1
0.994995,-0.099927,0,42.189884
0.099927,0.994995,0,-66.727886
0,0,1,0
0,0,0,1
0.994288,-0.106731,0,42.758722
0.106731,0.994288,0,-66.653396
0,0,1,0
0,0,0,1
0.993516,-0.113692,0,43.263894
0.113692,0.993516,0,-66.578921
0,0,1,0
0,0,0,1
0.934685,-0.355478,0,43.622480
0.355478,0.934685,0,-66.532804
0,0,1,0
0,0,0,1
0.655884,-0.754862,0,43.622935
0.754862,0.655884,0,-66.534311
0,0,1,0
0,0,0,1
0.226058,-0.974114,0,43.621266
0.974114,0.226058,0,-66.535841
0,0,1,0
0,0,0,1
-0.225013,-0.974356,0,43.629012
0.974356,-0.225013,0,-66.543565
0,0,1,0
0,0,0,1
-0.625188,-0.780474,0,43.630820
0.780474,-0.625188,0,-66.542114
0,0,1,0
0,0,0,1
-0.904594,-0.426275,0,43.619370
0.426275,-0.904594,0,-66.559413
0,0,1,0
0,0,0,1
-0.998926,0.046336,0,43.641287
-0.046336,-0.998926,0,-66.542920
0,0,1,0
0,0,0,1
-0.870093,0.492887,0,43.642732
-0.492887,-0.870093,0,-66.536767
0,0,1,0
0,0,0,1
-0.562041,0.827110,0,43.637190
-0.827110,-0.562041,0,-66.535567
0,0,1,0
0,0,0,1
-0.166441,0.986051,0,43.630028
-0.986051,-0.166441,0,-66.532041
0,0,1,0
0,0,0,1
0.318193,0.948026,0,43.630994
-0.948026,0.318193,0,-66.535636
0,0,1,0
0,0,0,1
0.717217,0.696849,0,43.625337
-0.696849,0.717217,0,-66.527503
0,0,1,0
0,0,0,1
0.950891,0.309526,0,43.626713
-0.309526,0.950891,0,-66.525278
0,0,1,0
0,0,0,1
0.996473,-0.083919,0,43.631162
0.083919,0.996473,0,-66.524517
0,0,1,0
0,0,0,1
0.895590,-0.444880,0,43.631248
0.444880,0.895590,0,-66.525401
0,0,1,0
0,0,0,1
0.665192,-0.746672,0,43.629254
0.746672,0.665192,0,-66.493600
0,0,1,0
0,0,0,1
0.271920,-0.962320,0,43.634390
0.962320,0.271920,0,-66.543818
0,0,1,0
0,0,0,1
0.091381,-0.995816,0,43.688314
0.995816,0.091381,0,-65.932763
0,0,1,0
0,0,0,1
0.087798,-0.996138,0,43.724121
0.996138,0.087798,0,-65.434789
0,0,1,0
0,0,0,1
0.074281,-0.997237,0,43.763732
0.997237,0.074281,0,-64.869346
0,0,1,0
0,0,0,1
0.064701,-0.997905,0,43.787261
0.997905,0.064701,0,-64.271780
0,0,1,0
0,0,0,1
0.057472,-0.998347,0,43.813107
0.998347,0.057472,0,-63.747791
0,0,1,0
0,0,0,1
0.047353,-0.998878,0,43.837098
0.998878,0.047353,0,-63.195910
0,0,1,0
0,0,0,1
0.033718,-0.999431,0,43.857679
0.999431,0.033718,0,-62.608623
0,0,1,0
0,0,0,1
0.024835,-0.999692,0,43.863623
0.999692,0.024835,0,-62.062073
0,0,1,0
0,0,0,1
0.013152,-0.999914,0,43.861113
0.999914,0.013152,0,-61.436400
0,0,1,0
0,0,0,1
-0.001951,-0.999998,0,43.858246
0.999998,-0.001951,0,-60.900551
0,0,1,0
0,0,0,1
-0.011426,-0.999935,0,43.860435
0.999935,-0.011426,0,-60.352143
0,0,1,0
0,0,0,1
-0.022997,-0.999736,0,43.840175
0.999736,-0.022997,0,-59.766795
0,0,1,0
0,0,0,1
-0.280868,-0.959746,0,43.828820
0.959746,-0.280868,0,-59.537680
0,0,1,0
0,0,0,1
-0.676354,-0.736577,0,43.835659
0.736577,-0.676354,0,-59.530349
0,0,1,0
0,0,0,1
-0.935008,-0.354626,0,43.839156
0.354626,-0.935008,0,-59.530555
0,0,1,0
0,0,0,1
-0.990014,0.140970,0,43.839791
-0.140970,-0.990014,0,-59.527107
0,0,1,0
0,0,0,1
-0.818919,0.573910,0,43.842024
-0.573910,-0.818919,0,-59.527767
0,0,1,0
0,0,0,1
-0.468631,0.883394,0,43.830721
-0.883394,-0.468631,0,-59.526906
0,0,1,0
0,0,0,1
-0.007858,0.999969,0,43.827296
-0.999969,-0.007858,0,-59.505280
0,0,1,0
0,0,0,1
0.447962,0.894052,0,43.822516
-0.894052,0.447962,0,-59.504949
0,0,1,0
0,0,0,1
0.810793,0.585333,0,43.820797
-0.585333,0.810793,0,-59.516257
0,0,1,0
0,0,0,1
0.986438,0.164134,0,43.823867
-0.164134,0.986438,0,-59.513698
0,0,1,0
0,0,0,1
0.949821,-0.312794,0,43.825395
0.312794,0.949821,0,-59.522690
0,0,1,0
0,0,0,1
0.720679,-0.693269,0,43.824767
0.693269,0.720679,0,-59.540987
0,0,1,0
0,0,0,1
0.352323,-0.935879,0,43.824772
0.935879,0.352323,0,-59.535276
0,0,1,0
0,0,0,1
0.164188,-0.986429,0,43.941441
0.986429,0.164188,0,-58.939023
0,0,1,0
0,0,0,1
0.158207,-0.987406,0,44.018458
0.987406,0.158207,0,-58.332823
0,0,1,0
0,0,0,1
0.152097,-0.988366,0,44.102258
0.988366,0.152097,0,-57.758382
0,0,1,0
0,0,0,1
0.148997,-0.988838,0,44.165911
0.988838,0.148997,0,-57.260282
0,0,1,0
0,0,0,1
0.135176,-0.990822,0,44.244598
0.990822,0.135176,0,-56.664846
0,0,1,0
0,0,0,1
0.129190,-0.991620,0,44.311448
0.991620,0.129190,0,-56.087957
0,0,1,0
0,0,0,1
0.120669,-0.992693,0,44.377430
0.992693,0.120669,0,-55.527689
0,0,1,0
0,0,0,1
0.109880,-0.993945,0,44.453289
0.993945,0.109880,0,-54.921216
0,0,1,0
0,0,0,1
0.105337,-0.994437,0,44.499764
0.994437,0.105337,0,-54.381186
0,0,1,0
0,0,0,1
0.362840,-0.931851,0,44.511164
0.931851,0.362840,0,-54.242100
0,0,1,0
0,0,0,1
0.721892,-0.692005,0,44.509649
0.692005,0.721892,0,-54.240171
0,0,1,0
0,0,0,1
0.840087,-0.542452,0,45.017515
0.542452,0.840087,0,-53.911042
0,0,1,0
0,0,0,1
0.834687,-0.550724,0,45.515315
0.550724,0.834687,0,-53.559186
0,0,1,0
0,0,0,1
0.661607,-0.749851,0,45.846425
0.749851,0.661607,0,-53.335407
0,0,1,0
0,0,0,1
0.165643,-0.986186,0,45.848765
0.986186,0.165643,0,-53.335193
0,0,1,0
0,0,0,1
-0.064980,-0.997887,0,45.844068
0.997887,-0.064980,0,-53.284366
0,0,1,0
0,0,0,1
-0.083651,-0.996495,0,45.814704
0.996495,-0.083651,0,-52.720972
0,0,1,0
0,0,0,1
-0.097579,-0.995228,0,45.763210
0.995228,-0.097579,0,-52.188001
0,0,1,0
0,0,0,1
-0.105553,-0.994414,0,45.689049
0.994414,-0.105553,0,-51.571520
0,0,1,0
0,0,0,1
-0.114164,-0.993462,0,45.623075
0.993462,-0.114164,0,-51.061519
0,0,1,0
0,0,0,1
-0.120069,-0.992766,0,45.556985
0.992766,-0.120069,0,-50.548213
0,0,1,0
0,0,0,1
-0.126473,-0.991970,0,45.483782
0.991970,-0.126473,0,-49.997066
0,0,1,0
0,0,0,1
-0.132089,-0.991238,0,45.407296
0.991238,-0.132089,0,-49.482770
0,0,1,0
0,0,0,1
-0.139232,-0.990260,0,45.319578
0.990260,-0.139232,0,-48.876385
0,0,1,0
0,0,0,1
-0.143548,-0.989643,0,45.232735
0.989643,-0.143548,0,-48.315282
0,0,1,0
0,0,0,1
-0.044383,-0.999015,0,45.153133
0.999015,-0.044383,0,-47.809824
0,0,1,0
0,0,0,1
-0.038764,-0.999248,0,45.129071
0.999248,-0.038764,0,-47.210082
0,0,1,0
0,0,0,1
-0.043550,-0.999051,0,45.096588
0.999051,-0.043550,0,-46.604338
0,0,1,0
0,0,0,1
-0.298802,-0.954315,0,45.093747
0.954315,-0.298802,0,-46.570031
0,0,1,0
0,0,0,1
-0.730644,-0.682759,0,45.100149
0.682759,-0.730644,0,-46.573244
0,0,1,0
0,0,0,1
-0.958981,-0.283471,0,45.100382
0.283471,-0.958981,0,-46.574313
0,0,1,0
0,0,0,1
-0.999870,0.016142,0,45.100843
-0.016142,-0.999870,0,-46.573960
0,0,1,0
0,0,0,1
-0.854643,0.519216,0,45.095737
-0.519216,-0.854643,0,-46.569530
0,0,1,0
0,0,0,1
-0.526461,0.850199,0,45.094428
-0.850199,-0.526461,0,-46.572137
0,0,1,0
0,0,0,1
-0.078072,0.996948,0,45.097637
-0.996948,-0.078072,0,-46.566599
0,0,1,0
0,0,0,1
0.352971,0.935634,0,45.093763
-0.935634,0.352971,0,-46.566738
0,0,1,0
0,0,0,1
0.543502,0.839408,0,45.087639
-0.839408,0.543502,0,-46.548303
0,0,1,0
0,0,0,1
0.883456,0.468514,0,45.088313
-0.468514,0.883456,0,-46.553752
0,0,1,0
0,0,0,1
0.999172,0.040679,0,45.091286
-0.040679,0.999172,0,-46.563830
0,0,1,0
0,0,0,1
0.928542,-0.371228,0,45.091521
0.371228,0.928542,0,-46.566880
0,0,1,0
0,0,0,1
0.693882,-0.720089,0,45.099990
0.720089,0.693882,0,-46.572783
0,0,1,0
0,0,0,1
0.348138,-0.937443,0,45.097939
0.937443,0.348138,0,-46.578059
0,0,1,0
0,0,0,1
-0.025981,-0.999662,0,45.102470
0.999662,-0.025981,0,-46.578079
0,0,1,0
0,0,0,1
-0.128160,-0.991754,0,45.023869
0.991754,-0.128160,0,-46.019663
0,0,1,0
0,0,0,1
-0.141128,-0.989991,0,44.942479
0.989991,-0.141128,0,-45.425226
0,0,1,0
0,0,0,1
-0.146830,-0.989162,0,44.861004
0.989162,-0.146830,0,-44.916751
0,0,1,0
0,0,0,1
-0.157260,-0.987557,0,44.771305
0.987557,-0.157260,0,-44.384630
0,0,1,0
0,0,0,1
-0.159289,-0.987232,0,44.668594
0.987232,-0.159289,0,-43.820949
0,0,1,0
0,0,0,1
-0.164806,-0.986326,0,44.575293
0.986326,-0.164806,0,-43.280013
0,0,1,0
0,0,0,1
0.057303,-0.998357,0,44.528227
0.998357,0.057303,0,-43.011390
0,0,1,0
0,0,0,1
0.173632,-0.984811,0,44.614396
0.984811,0.173632,0,-42.452060
0,0,1,0
0,0,0,1
0.167994,-0.985788,0,44.701960
0.985788,0.167994,0,-41.906342
0,0,1,0
0,0,0,1
0.160445,-0.987045,0,44.790346
0.987045,0.160445,0,-41.337814
0,0,1,0
0,0,0,1
0.155223,-0.987879,0,44.878078
0.987879,0.155223,0,-40.764731
0,0,1,0
0,0,0,1
0.151012,-0.988532,0,44.955104
0.988532,0.151012,0,-40.213180
0,0,1,0
0,0,0,1
0.141495,-0.989939,0,45.037281
0.989939,0.141495,0,-39.603576
0,0,1,0
0,0,0,1
0.134721,-0.990884,0,45.110233
0.990884,0.134721,0,-39.004723
0,0,1,0
0,0,0,1
0.122187,-0.992507,0,45.177006
0.992507,0.122187,0,-38.427657
0,0,1,0
0,0,0,1
0.116441,-0.993198,0,45.245021
0.993198,0.116441,0,-37.838410
0,0,1,0
0,0,0,1
0.106559,-0.994306,0,45.301223
0.994306,0.106559,0,-37.239354
0,0,1,0
0,0,0,1
0.100168,-0.994971,0,45.348029
0.994971,0.100168,0,-36.681225
0,0,1,0
0,0,0,1
0.091350,-0.995819,0,45.380001
0.995819,0.091350,0,-36.156529
0,0,1,0
0,0,0,1
0.317623,-0.948217,0,45.403841
0.948217,0.317623,0,-35.944465
0,0,1,0
0,0,0,1
0.489109,-0.872223,0,45.686214
0.872223,0.489109,0,-35.454583
0,0,1,0
0,0,0,1
0.246515,-0.969139,0,45.783060
0.969139,0.246515,0,-35.252321
0,0,1,0
0,0,0,1
0.035384,-0.999374,0,45.802590
0.999374,0.035384,0,-34.989919
0,0,1,0
0,0,0,1
0.014542,-0.999894,0,45.817860
0.999894,0.014542,0,-34.448398
0,0,1,0
0,0,0,1
0.010315,-0.999947,0,45.821578
0.999947,0.010315,0,-33.912536
0,0,1,0
0,0,0,1
-0.000343,-1.000000,0,45.798595
1.000000,-0.000343,0,-33.292244
0,0,1,0
0,0,0,1
-0.004754,-0.999989,0,45.798299
0.999989,-0.004754,0,-32.706091
0,0,1,0
0,0,0,1
-0.014711,-0.999892,0,45.787209
0.999892,-0.014711,0,-32.187038
0,0,1,0
0,0,0,1
-0.023457,-0.999725,0,45.762368
0.999725,-0.023457,0,-31.595046
0,0,1,0
0,0,0,1
-0.026827,-0.999640,0,45.732061
0.999640,-0.026827,0,-30.976718
0,0,1,0
0,0,0,1
-0.032758,-0.999463,0,45.716714
0.999463,-0.032758,0,-30.466884
0,0,1,0
0,0,0,1
-0.044439,-0.999012,0,45.681146
0.999012,-0.044439,0,-29.866052
0,0,1,0
0,0,0,1
0.184002,-0.982926,0,45.679888
0.982926,0.184002,0,-29.798615
0,0,1,0
0,0,0,1
0.468606,-0.883408,0,45.685077
0.883408,0.468606,0,-29.796422
0,0,1,0
0,0,0,1
0.493758,-0.869599,0,45.970056
0.869599,0.493758,0,-29.274514
0,0,1,0
0,0,0,1
0.489810,-0.871829,0,46.243632
0.871829,0.489810,0,-28.776987
0,0,1,0
0,0,0,1
0.486161,-0.873869,0,46.500605
0.873869,0.486161,0,-28.321260
0,0,1,0
0,0,0,1
0.481789,-0.876287,0,46.754198
0.876287,0.481789,0,-27.840484
0,0,1,0
0,0,0,1
0.251511,-0.967855,0,46.799241
0.967855,0.251511,0,-27.741834
0,0,1,0
0,0,0,1
-0.015211,-0.999884,0,46.801748
0.999884,-0.015211,0,-27.693416
0,0,1,0
0,0,0,1
-0.053081,-0.998590,0,46.773723
0.998590,-0.053081,0,-27.194237
0,0,1,0
0,0,0,1
-0.056407,-0.998408,0,46.730309
0.998408,-0.056407,0,-26.675300
0,0,1,0
0,0,0,1
-0.065671,-0.997841,0,46.701600
0.997841,-0.065671,0,-26.142110
0,0,1,0
0,0,0,1
0.166298,-0.986076,0,46.676518
0.986076,0.166298,0,-25.796900
0,0,1,0
0,0,0,1
0.282853,-0.959163,0,46.833918
0.959163,0.282853,0,-25.273807
0,0,1,0
0,0,0,1
0.276121,-0.961123,0,46.973038
0.961123,0.276121,0,-24.777922
0,0,1,0
0,0,0,1
0.267177,-0.963648,0,47.097465
0.963648,0.267177,0,-24.285816
0,0,1,0
0,0,0,1
0.013387,-0.999910,0,47.212086
0.999910,0.013387,0,-23.819971
0,0,1,0
0,0,0,1
-0.122813,-0.992430,0,47.129404
0.992430,-0.122813,0,-23.220370
0,0,1,0
0,0,0,1
-0.130882,-0.991398,0,47.057588
0.991398,-0.130882,0,-22.722241
0,0,1,0
0,0,0,1
-0.135964,-0.990714,0,46.968704
0.990714,-0.135964,0,-22.194925
0,0,1,0
0,0,0,1
-0.392887,-0.919587,0,46.924266
0.919587,-0.392887,0,-21.886482
0,0,1,0
0,0,0,1
-0.815141,-0.579263,0,46.924819
0.579263,-0.815141,0,-21.894452
0,0,1,0
0,0,0,1
-0.993884,-0.110431,0,46.920685
0.110431,-0.993884,0,-21.906889
0,0,1,0
0,0,0,1
-0.907361,0.420353,0,46.926097
-0.420353,-0.907361,0,-21.891663
0,0,1,0
0,0,0,1
-0.575436,0.817847,0,46.914565
-0.817847,-0.575436,0,-21.840548
0,0,1,0
0,0,0,1
-0.075470,0.997148,0,46.920294
-0.997148,-0.075470,0,-21.854651
0,0,1,0
0,0,0,1
0.421085,0.907021,0,46.924489
-0.907021,0.421085,0,-21.913310
0,0,1,0
0,0,0,1
0.814683,0.579906,0,46.922476
-0.579906,0.814683,0,-21.895357
0,0,1,0
0,0,0,1
0.988242,0.152898,0,46.924981
-0.152898,0.988242,0,-21.978432
0,0,1,0
0,0,0,1
0.951995,-0.306114,0,46.920109
0.306114,0.951995,0,-21.936960
0,0,1,0
0,0,0,1
0.733304,-0.679901,0,46.995046
0.679901,0.733304,0,-21.945303
0,0,1,0
0,0,0,1
0.394495,-0.918898,0,46.860314
0.918898,0.394495,0,-22.034225
0,0,1,0
0,0,0,1
-0.031949,-0.999489,0,46.895023
0.999489,-0.031949,0,-21.979971
0,0,1,0
0,0,0,1
-0.140645,-0.990060,0,46.818332
0.990060,-0.140645,0,-21.386292
0,0,1,0
0,0,0,1
-0.148579,-0.988901,0,46.733195
0.988901,-0.148579,0,-20.857401
0,0,1,0
0,0,0,1
-0.154693,-0.987963,0,46.646578
0.987963,-0.154693,0,-20.306909
0,0,1,0
0,0,0,1
-0.159905,-0.987132,0,46.538676
0.987132,-0.159905,0,-19.703302
0,0,1,0
0,0,0,1
-0.150563,-0.988600,0,46.404633
0.988600,-0.150563,0,-19.100219
0,0,1,0
0,0,0,1
-0.154970,-0.987919,0,46.305174
0.987919,-0.154970,0,-18.516615
0,0,1,0
0,0,0,1
0.089924,-0.995949,0,46.216070
0.995949,0.089924,0,-18.065576
0,0,1,0
0,0,0,1
0.177037,-0.984204,0,46.319155
0.984204,0.177037,0,-17.503499
0,0,1,0
0,0,0,1
0.163563,-0.986533,0,46.420714
0.986533,0.163563,0,-16.935900
0,0,1,0
0,0,0,1
-0.062936,-0.998018,0,46.430659
0.998018,-0.062936,0,-16.801903
0,0,1,0
0,0,0,1
-0.222627,-0.974904,0,46.304813
0.974904,-0.222627,0,-16.218687
0,0,1,0
0,0,0,1
-0.229491,-0.973311,0,46.156291
0.973311,-0.229491,0,-15.639764
0,0,1,0
0,0,0,1
-0.239242,-0.970960,0,46.013664
0.970960,-0.239242,0,-15.064530
0,0,1,0
0,0,0,1
-0.121799,-0.992555,0,45.931303
0.992555,-0.121799,0,-14.528238
0,0,1,0
0,0,0,1
-0.124568,-0.992211,0,45.868136
0.992211,-0.124568,0,-14.007079
0,0,1,0
0,0,0,1
-0.132405,-0.991196,0,45.771386
0.991196,-0.132405,0,-13.394905
0,0,1,0
0,0,0,1
-0.139826,-0.990176,0,45.684453
0.990176,-0.139826,0,-12.795104
0,0,1,0
0,0,0,1
0.077058,-0.997027,0,45.643961
0.997027,0.077058,0,-12.555310
0,0,1,0
0,0,0,1
0.138392,-0.990378,0,45.707142
0.990378,0.138392,0,-11.995645
0,0,1,0
0,0,0,1
0.132801,-0.991143,0,45.783194
0.991143,0.132801,0,-11.389643
0,0,1,0
0,0,0,1
0.126341,-0.991987,0,45.821804
0.991987,0.126341,0,-10.888595
0,0,1,0
0,0,0,1
0.115352,-0.993325,0,45.896104
0.993325,0.115352,0,-10.344345
0,0,1,0
0,0,0,1
0.110483,-0.993878,0,45.942415
0.993878,0.110483,0,-9.843660
0,0,1,0
0,0,0,1
0.098767,-0.995111,0,46.004958
0.995111,0.098767,0,-9.240552
0,0,1,0
0,0,0,1
0.090255,-0.995919,0,46.053764
0.995919,0.090255,0,-8.656410
0,0,1,0
0,0,0,1
0.103108,-0.994670,0,46.136828
0.994670,0.103108,0,-8.065058
0,0,1,0
0,0,0,1
0.067518,-0.997718,0,46.132000
0.997718,0.067518,0,-7.529386
0,0,1,0
0,0,0,1
0.067905,-0.997692,0,46.184215
0.997692,0.067905,0,-6.935247
0,0,1,0
0,0,0,1
-0.187941,-0.982180,0,46.208009
0.982180,-0.187941,0,-6.659735
0,0,1,0
0,0,0,1
-0.524962,-0.851126,0,46.295599
0.851126,-0.524962,0,-6.618693
0,0,1,0
0,0,0,1
-0.542010,-0.840372,0,45.921114
0.840372,-0.542010,0,-6.171143
0,0,1,0
0,0,0,1
-0.545051,-0.838403,0,45.562681
0.838403,-0.545051,0,-5.669242
0,0,1,0
0,0,0,1
-0.315093,-0.949061,0,45.461592
0.949061,-0.315093,0,-5.514197
0,0,1,0
0,0,0,1
-0.036790,-0.999323,0,45.455374
0.999323,-0.036790,0,-5.494776
0,0,1,0
0,0,0,1
-0.024607,-0.999697,0,45.440348
0.999697,-0.024607,0,-4.980397
0,0,1,0
0,0,0,1
-0.028075,-0.999606,0,45.417718
0.999606,-0.028075,0,-4.357788
0,0,1,0
0,0,0,1
-0.035706,-0.999362,0,45.380647
0.999362,-0.035706,0,-3.845039
0,0,1,0
0,0,0,1
-0.048707,-0.998813,0,45.351426
0.998813,-0.048707,0,-3.264902
0,0,1,0
0,0,0,1
0.218137,-0.975918,0,45.329116
0.975918,0.218137,0,-2.956294
0,0,1,0
0,0,0,1
0.352173,-0.935935,0,45.534779
0.935935,0.352173,0,-2.416204
0,0,1,0
0,0,0,1
0.344131,-0.938922,0,45.705917
0.938922,0.344131,0,-1.931792
0,0,1,0
0,0,0,1
0.332632,-0.943057,0,45.875287
0.943057,0.332632,0,-1.428426
0,0,1,0
0,0,0,1
0.331203,-0.943560,0,46.064218
0.943560,0.331203,0,-0.926172
0,0,1,0
0,0,0,1
0.320624,-0.947207,0,46.213331
0.947207,0.320624,0,-0.446291
0,0,1,0
0,0,0,1
0.317669,-0.948202,0,46.360238
0.948202,0.317669,0,0.060435
0,0,1,0
0,0,0,1
0.315068,-0.949069,0,46.918092
0.949069,0.315068,0,0.125092
0,0,1,0
0,0,0,1
0.303481,-0.952837,0,47.025869
0.952837,0.303481,0,0.613262
0,0,1,0
0,0,0,1
0.072456,-0.997372,0,47.175545
0.997372,0.072456,0,1.057686
0,0,1,0
0,0,0,1
-0.422958,-0.906149,0,47.173385
0.906149,-0.422958,0,1.060442
0,0,1,0
0,0,0,1
-0.512251,-0.858836,0,46.858497
0.858836,-0.512251,0,1.574179
0,0,1,0
0,0,0,1
-0.520770,-0.853697,0,46.544007
0.853697,-0.520770,0,2.042953
0,0,1,0
0,0,0,1
-0.518427,-0.855122,0,46.280173
0.855122,-0.518427,0,2.486541
0,0,1,0
0,0,0,1
-0.741500,-0.670952,0,46.277264
0.670952,-0.741500,0,2.489371
0,0,1,0
0,0,0,1
-0.992249,-0.124268,0,46.271310
0.124268,-0.992249,0,2.486959
0,0,1,0
0,0,0,1
-0.895419,0.445225,0,46.278645
-0.445225,-0.895419,0,2.480493
0,0,1,0
0,0,0,1
-0.518953,0.854803,0,46.265006
-0.854803,-0.518953,0,2.486343
0,0,1,0
0,0,0,1
0.026082,0.999660,0,46.267051
-0.999660,0.026082,0,2.504874
0,0,1,0
0,0,0,1
0.557768,0.829997,0,46.257606
-0.829997,0.557768,0,2.480838
0,0,1,0
0,0,0,1
0.913109,0.407715,0,46.243587
-0.407715,0.913109,0,2.472836
0,0,1,0
0,0,0,1
0.995458,-0.095205,0,46.244441
0.095205,0.995458,0,2.463963
0,0,1,0
0,0,0,1
0.785688,-0.618623,0,46.241885
0.618623,0.785688,0,2.477490
0,0,1,0
0,0,0,1
0.340992,-0.940066,0,46.262740
0.940066,0.340992,0,2.450254
0,0,1,0
0,0,0,1
-0.156728,-0.987642,0,46.253020
0.987642,-0.156728,0,2.466047
0,0,1,0
0,0,0,1
-0.622864,-0.782330,0,46.258593
0.782330,-0.622864,0,2.472431
0,0,1,0
0,0,0,1
-0.928495,-0.371346,0,46.252390
0.371346,-0.928495,0,2.488267
0,0,1,0
0,0,0,1
-0.953509,-0.301363,0,45.655617
0.301363,-0.953509,0,2.641495
0,0,1,0
0,0,0,1
-0.956468,-0.291839,0,45.097370
0.291839,-0.956468,0,2.800529
0,0,1,0
0,0,0,1
-0.957443,-0.288621,0,44.576172
0.288621,-0.957443,0,2.948727
0,0,1,0
0,0,0,1
-0.961243,-0.275703,0,43.970918
0.275703,-0.961243,0,3.118402
0,0,1,0
0,0,0,1
-0.962391,-0.271667,0,43.365248
0.271667,-0.962391,0,3.278391
0,0,1,0
0,0,0,1
-0.999980,0.006388,0,43.211782
-0.006388,-0.999980,0,3.322662
0,0,1,0
0,0,0,1
-0.999299,0.037441,0,42.683678
-0.037441,-0.999299,0,3.300597
0,0,1,0
0,0,0,1
-0.999026,0.044124,0,42.149671
-0.044124,-0.999026,0,3.253553
0,0,1,0
0,0,0,1
-0.998253,0.059083,0,41.646525
-0.059083,-0.998253,0,3.276064
0,0,1,0
0,0,0,1
-0.997851,0.065520,0,41.099920
-0.065520,-0.997851,0,3.219364
0,0,1,0
0,0,0,1
-0.998011,0.063046,0,40.527449
-0.063046,-0.998011,0,3.173990
0,0,1,0
0,0,0,1
-0.997289,0.073590,0,40.002384
-0.073590,-0.997289,0,3.128003
0,0,1,0
0,0,0,1
-0.996287,0.086098,0,39.496941
-0.086098,-0.996287,0,3.291543
0,0,1,0
0,0,0,1
-0.998356,0.057324,0,39.456016
-0.057324,-0.998356,0,3.906877
0,0,1,0
0,0,0,1
-0.997696,0.067846,0,38.852186
-0.067846,-0.997696,0,3.868857
0,0,1,0
0,0,0,1
-0.997622,0.068923,0,38.333344
-0.068923,-0.997622,0,3.826759
0,0,1,0
0,0,0,1
-0.997067,0.076529,0,37.823777
-0.076529,-0.997067,0,3.788562
0,0,1,0
0,0,0,1
-0.996337,0.085515,0,37.210549
-0.085515,-0.996337,0,3.735067
0,0,1,0
0,0,0,1
-0.995552,0.094213,0,36.690020
-0.094213,-0.995552,0,3.686264
0,0,1,0
0,0,0,1
-0.995317,0.096668,0,36.126904
-0.096668,-0.995317,0,3.613319
0,0,1,0
0,0,0,1
-0.995053,0.099345,0,35.566974
-0.099345,-0.995053,0,3.554072
0,0,1,0
0,0,0,1
-0.994681,0.103002,0,34.977845
-0.103002,-0.994681,0,3.486590
0,0,1,0
0,0,0,1
-0.993188,0.116521,0,34.325412
-0.116521,-0.993188,0,3.409032
0,0,1,0
0,0,0,1
-0.991750,0.128186,0,33.660097
-0.128186,-0.991750,0,3.316465
0,0,1,0
0,0,0,1
-0.990649,0.136438,0,32.995995
-0.136438,-0.990649,0,3.222028
0,0,1,0
0,0,0,1
-0.990742,0.135755,0,32.304503
-0.135755,-0.990742,0,3.116164
0,0,1,0
0,0,0,1
-0.990380,0.138373,0,31.789150
-0.138373,-0.990380,0,3.040909
0,0,1,0
0,0,0,1
-0.989593,0.143892,0,31.279509
-0.143892,-0.989593,0,2.976000
0,0,1,0
0,0,0,1
-0.995215,-0.097709,0,31.116328
0.097709,-0.995215,0,2.933512
0,0,1,0
0,0,0,1
-0.944815,-0.327603,0,30.958070
0.327603,-0.944815,0,2.985366
0,0,1,0
0,0,0,1
-0.944177,-0.329440,0,30.470766
0.329440,-0.944177,0,3.126276
0,0,1,0
0,0,0,1
-0.945908,-0.324436,0,29.964136
0.324436,-0.945908,0,3.288475
0,0,1,0
0,0,0,1
-0.950713,-0.310071,0,29.279289
0.310071,-0.950713,0,3.508934
0,0,1,0
0,0,0,1
-0.953884,-0.300177,0,28.781465
0.300177,-0.953884,0,3.655532
0,0,1,0
0,0,0,1
-0.956036,-0.293249,0,28.199985
0.293249,-0.956036,0,3.830647
0,0,1,0
0,0,0,1
-0.967832,-0.251596,0,27.666707
0.251596,-0.967832,0,3.990001
0,0,1,0
0,0,0,1
-0.997590,0.069386,0,27.342172
-0.069386,-0.997590,0,3.973841
0,0,1,0
0,0,0,1
-0.997066,0.076552,0,26.368073
-0.076552,-0.997066,0,3.880686
0,0,1,0
0,0,0,1
-0.997156,0.075369,0,25.846286
-0.075369,-0.997156,0,3.840767
0,0,1,0
0,0,0,1
-0.996440,0.084300,0,25.285994
-0.084300,-0.996440,0,3.787419
0,0,1,0
0,0,0,1
-0.996167,0.087469,0,24.759702
-0.087469,-0.996167,0,3.744356
0,0,1,0
0,0,0,1
-0.996508,0.083496,0,24.239535
-0.083496,-0.996508,0,3.664385
0,0,1,0
0,0,0,1
-0.995707,0.092556,0,23.640638
-0.092556,-0.995707,0,3.610885
0,0,1,0
0,0,0,1
-0.946069,0.323967,0,23.593176
-0.323967,-0.946069,0,3.603113
0,0,1,0
0,0,0,1
-0.611065,0.791580,0,23.601484
-0.791580,-0.611065,0,3.605858
0,0,1,0
0,0,0,1
-0.102971,0.994684,0,23.599199
-0.994684,-0.102971,0,3.610631
0,0,1,0
0,0,0,1
0.457340,0.889292,0,23.604838
-0.889292,0.457340,0,3.602047
0,0,1,0
0,0,0,1
0.875091,0.483958,0,23.601978
-0.483958,0.875091,0,3.597510
0,0,1,0
0,0,0,1
0.995875,-0.090738,0,23.575184
0.090738,0.995875,0,3.601351
0,0,1,0
0,0,0,1
0.779921,-0.625878,0,23.577594
0.625878,0.779921,0,3.596042
0,0,1,0
0,0,0,1
0.363549,-0.931575,0,23.569515
0.931575,0.363549,0,3.600349
0,0,1,0
0,0,0,1
-0.219427,-0.975629,0,23.588404
0.975629,-0.219427,0,3.599363
0,0,1,0
0,0,0,1
-0.701270,-0.712896,0,23.587913
0.712896,-0.701270,0,3.596841
0,0,1,0
0,0,0,1
-0.956620,-0.291340,0,23.593035
0.291340,-0.956620,0,3.597281
0,0,1,0
0,0,0,1
-0.998855,-0.047847,0,23.544993
0.047847,-0.998855,0,3.602300
0,0,1,0
0,0,0,1
-0.999696,-0.024662,0,23.029502
0.024662,-0.999696,0,3.610669
0,0,1,0
0,0,0,1
-0.999932,-0.011632,0,22.470724
0.011632,-0.999932,0,3.582508
0,0,1,0
0,0,0,1
-0.999961,-0.008836,0,21.839049
0.008836,-0.999961,0,3.635270
0,0,1,0
0,0,0,1
-0.999999,-0.001588,0,20.701239
0.001588,-0.999999,0,3.636215
0,0,1,0
0,0,0,1
-0.999980,0.006260,0,20.179102
-0.006260,-0.999980,0,3.647644
0,0,1,0
0,0,0,1
-0.999987,0.005015,0,19.656298
-0.005015,-0.999987,0,3.628039
0,0,1,0
0,0,0,1
-0.999955,0.009524,0,19.037292
-0.009524,-0.999955,0,3.619700
0,0,1,0
0,0,0,1
-0.999862,0.016611,0,18.532548
-0.016611,-0.999862,0,3.606530
0,0,1,0
0,0,0,1
-0.999642,0.026737,0,17.959272
-0.026737,-0.999642,0,3.578868
0,0,1,0
0,0,0,1
-0.999484,0.032117,0,17.394811
-0.032117,-0.999484,0,3.549886
0,0,1,0
0,0,0,1
-0.999059,0.043368,0,16.835835
-0.043368,-0.999059,0,3.528161
0,0,1,0
0,0,0,1
-0.998645,0.052037,0,16.334298
-0.052037,-0.998645,0,3.500325
0,0,1,0
0,0,0,1
-0.998536,0.054090,0,15.737554
-0.054090,-0.998536,0,3.461458
0,0,1,0
0,0,0,1
-0.998187,0.060183,0,15.198557
-0.060183,-0.998187,0,3.415151
0,0,1,0
0,0,0,1
-0.997842,0.065668,0,14.696817
-0.065668,-0.997842,0,3.377051
0,0,1,0
0,0,0,1
-0.997534,0.070181,0,14.184034
-0.070181,-0.997534,0,3.330797
0,0,1,0
0,0,0,1
-0.996965,0.077857,0,13.652123
-0.077857,-0.996965,0,3.284304
0,0,1,0
0,0,0,1
-0.996404,0.084734,0,13.082936
-0.084734,-0.996404,0,3.231120
0,0,1,0
0,0,0,1
-0.996249,0.086536,0,12.559699
-0.086536,-0.996249,0,3.176772
0,0,1,0
0,0,0,1
-0.990083,-0.140481,0,12.192166
0.140481,-0.990083,0,3.139917
0,0,1,0
0,0,0,1
-0.959379,-0.282121,0,11.695319
0.282121,-0.959379,0,3.287043
0,0,1,0
0,0,0,1
-0.961074,-0.276290,0,11.107879
0.276290,-0.961074,0,3.452398
0,0,1,0
0,0,0,1
-0.962494,-0.271304,0,10.592750
0.271304,-0.962494,0,3.599197
0,0,1,0
0,0,0,1
-0.963663,-0.267121,0,10.060106
0.267121,-0.963663,0,3.731953
0,0,1,0
0,0,0,1
-0.967714,-0.252049,0,9.536821
0.252049,-0.967714,0,3.868348
0,0,1,0
0,0,0,1
-0.969657,-0.244471,0,9.040751
0.244471,-0.969657,0,3.990210
0,0,1,0
0,0,0,1
-0.969336,-0.245739,0,8.524502
0.245739,-0.969336,0,4.109629
0,0,1,0
0,0,0,1
-0.969371,-0.245599,0,8.004881
0.245599,-0.969371,0,4.229241
0,0,1,0
0,0,0,1
-0.886644,-0.462453,0,7.684755
0.462453,-0.886644,0,4.312408
0,0,1,0
0,0,0,1
-0.433748,-0.901034,0,7.690940
0.901034,-0.433748,0,4.313989
0,0,1,0
0,0,0,1
0.142140,-0.989847,0,7.691040
0.989847,0.142140,0,4.309379
0,0,1,0
0,0,0,1
0.663222,-0.748422,0,7.693582
0.748422,0.663222,0,4.315909
0,0,1,0
0,0,0,1
0.956125,-0.292960,0,7.693342
0.292960,0.956125,0,4.318540
0,0,1,0
0,0,0,1
0.978129,0.207998,0,7.693509
-0.207998,0.978129,0,4.310963
0,0,1,0
0,0,0,1
0.764745,0.644333,0,7.677272
-0.644333,0.764745,0,4.262473
0,0,1,0
0,0,0,1
0.322995,0.946401,0,7.693903
-0.946401,0.322995,0,4.307088
0,0,1,0
0,0,0,1
-0.107525,0.994202,0,7.688125
-0.994202,-0.107525,0,4.316775
0,0,1,0
0,0,0,1
-0.171559,0.985174,0,7.607134
-0.985174,-0.171559,0,3.772511
0,0,1,0
0,0,0,1
-0.161694,0.986841,0,7.531102
-0.986841,-0.161694,0,3.231586
0,0,1,0
0,0,0,1
-0.154247,0.988032,0,7.452776
-0.988032,-0.154247,0,2.707560
0,0,1,0
0,0,0,1
-0.144283,0.989536,0,7.341760
-0.989536,-0.144283,0,1.921115
0,0,1,0
0,0,0,1
-0.132109,0.991235,0,7.260208
-0.991235,-0.132109,0,1.207144
0,0,1,0
0,0,0,1
-0.123856,0.992300,0,7.143214
-0.992300,-0.123856,0,0.340857
0,0,1,0
0,0,0,1
-0.117363,0.993089,0,7.077704
-0.993089,-0.117363,0,-0.322590
0,0,1,0
0,0,0,1
-0.341522,0.939874,0,7.068881
-0.939874,-0.341522,0,-0.351298
0,0,1,0
0,0,0,1
-0.923238,0.384228,0,7.058276
-0.384228,-0.923238,0,-0.354877
0,0,1,0
0,0,0,1
-0.999964,0.008453,0,6.888556
-0.008453,-0.999964,0,-0.379451
0,0,1,0
0,0,0,1
-0.999857,0.016925,0,6.152022
-0.016925,-0.999857,0,-0.392020
0,0,1,0
0,0,0,1
-0.999647,0.026568,0,5.594018
-0.026568,-0.999647,0,-0.418677
0,0,1,0
0,0,0,1
-0.999402,0.034583,0,5.023181
-0.034583,-0.999402,0,-0.415297
0,0,1,0
0,0,0,1
-0.999007,0.044561,0,4.155408
-0.044561,-0.999007,0,-0.481849
0,0,1,0
0,0,0,1
-0.998654,0.051865,0,3.345771
-0.051865,-0.998654,0,-0.529069
0,0,1,0
0,0,0,1
-0.998498,0.054782,0,2.804714
-0.054782,-0.998498,0,-0.565286
0,0,1,0
0,0,0,1
-0.997964,0.063773,0,2.222985
-0.063773,-0.997964,0,-0.606282
0,0,1,0
0,0,0,1
-0.997480,0.070951,0,1.670260
-0.070951,-0.997480,0,-0.661314
0,0,1,0
0,0,0,1
-0.997003,0.077365,0,1.133061
-0.077365,-0.997003,0,-0.720560
0,0,1,0
0,0,0,1
-0.996101,0.088225,0,0.551934
-0.088225,-0.996101,0,-0.760326
0,0,1,0
0,0,0,1
-0.995523,0.094517,0,0.003742
-0.094517,-0.995523,0,-0.826747
0,0,1,0
0,0,0,1
-0.994976,0.100113,0,-0.546760
-0.100113,-0.994976,0,-0.870077
0,0,1,0
0,0,0,1
-0.969274,-0.245984,0,-0.542183
0.245984,-0.969274,0,-0.927920
0,0,1,0
0,0,0,1
-0.644064,-0.764972,0,-0.534932
0.764972,-0.644064,0,-0.905273
0,0,1,0
0,0,0,1
-0.123832,-0.992303,0,-0.522480
0.992303,-0.123832,0,-0.899495
0,0,1,0
0,0,0,1
0.400910,-0.916117,0,-0.509817
0.916117,0.400910,0,-0.890499
0,0,1,0
0,0,0,1
0.811393,-0.584501,0,-0.523730
0.584501,0.811393,0,-0.878949
0,0,1,0
0,0,0,1
0.998834,-0.048281,0,-0.508186
0.048281,0.998834,0,-0.874446
0,0,1,0
0,0,0,1
0.989409,0.145157,0,-0.418142
-0.145157,0.989409,0,-0.316165
0,0,1,0
0,0,0,1
0.990785,0.135442,0,-0.106885
-0.135442,0.990785,0,0.098582
0,0,1,0
0,0,0,1
